-- phpMyAdmin SQL Dump
-- version 5.0.4
-- https://www.phpmyadmin.net/
--
-- Host: 127.0.0.1
-- Generation Time: Oct 12, 2021 at 10:18 AM
-- Server version: 10.4.17-MariaDB
-- PHP Version: 7.3.27

SET SQL_MODE = "NO_AUTO_VALUE_ON_ZERO";
START TRANSACTION;
SET time_zone = "+00:00";


/*!40101 SET @OLD_CHARACTER_SET_CLIENT=@@CHARACTER_SET_CLIENT */;
/*!40101 SET @OLD_CHARACTER_SET_RESULTS=@@CHARACTER_SET_RESULTS */;
/*!40101 SET @OLD_COLLATION_CONNECTION=@@COLLATION_CONNECTION */;
/*!40101 SET NAMES utf8mb4 */;

--
-- Database: `nagar_nigam`
--

-- --------------------------------------------------------

--
-- Table structure for table `complaint_details`
--

CREATE TABLE `complaint_details` (
  `ID` int(11) NOT NULL,
  `dept_name` varchar(17) NOT NULL,
  `proposer_name` varchar(42) DEFAULT NULL,
  `ward_no` int(11) DEFAULT NULL,
  `comp_type` varchar(200) DEFAULT NULL,
  `work_name` varchar(288) NOT NULL,
  `icon` varchar(200) DEFAULT NULL,
  `latitude` varchar(100) DEFAULT NULL,
  `longitude` varchar(100) DEFAULT NULL,
  `introduc_num_with_gst` decimal(9,2) DEFAULT NULL,
  `fund` varchar(16) NOT NULL,
  `appraisal_approval_date` date DEFAULT NULL,
  `file_num` varchar(25) DEFAULT NULL,
  `tender_amt_with_gst` int(11) DEFAULT NULL,
  `tender_approval_date` date DEFAULT NULL,
  `creation_date` date DEFAULT NULL,
  `updation_date` date DEFAULT NULL
) ENGINE=InnoDB DEFAULT CHARSET=utf8mb4;

--
-- Dumping data for table `complaint_details`
--

INSERT INTO `complaint_details` (`ID`, `dept_name`, `proposer_name`, `ward_no`, `comp_type`, `work_name`, `icon`, `latitude`, `longitude`, `introduc_num_with_gst`, `fund`, `appraisal_approval_date`, `file_num`, `tender_amt_with_gst`, `tender_approval_date`, `creation_date`, `updation_date`) VALUES
(1, 'अभियंत्रण जोन-1', 'मा0 पार्षद', 76, 'Dumpster', 'लखनउवा फाटक के पास कूड़ेघर का सुधार कार्य', 'dump.png', '26.4577857', '80.3365134', '702328.00', 'न0नि0', '2017-08-21', NULL, NULL, NULL, NULL, NULL),
(2, 'अभियंत्रण जोन-1', 'मा0 पार्षद', 76, 'Dumpster', 'बरगद वाले कूड़ेघर का सुधार कार्य', 'dump.png', '26.4577857', '80.3365134', '548339.00', 'न0नि0', '2017-08-21', NULL, NULL, NULL, NULL, NULL),
(3, 'अभियंत्रण जोन-2', 'मा0 पार्षद', 41, 'Interlock', 'आवास विकास हंसपुरम सेक्टर-4बी में म0नं0 4बी-318 से 4बी-353 तक नाली एवं इण्टरलाॅकिंग टाइल्स द्वारा सड़क का सुधार कार्य।', 'interlock.png', '26.3896221', '80.3176673', '776800.00', 'न0नि0', '2017-08-21', NULL, NULL, NULL, NULL, NULL),
(4, 'अभियंत्रण जोन-2', 'मा0 पार्षद', 62, 'Road', 'चन्द्रनगरी में बलराम के घर से विनय कटियार वाया देवराज तिवारी तक सड़क एवं नाली का सुधार कार्य।', 'road.png', '26.3863678', '80.3770189', '960661.00', 'न0नि0', '2017-08-21', NULL, NULL, NULL, NULL, NULL),
(5, 'अभियंत्रण जोन-2', 'मा0 पार्षद', 12, 'Interlock', 'रूमा गांव की गली में श्री सुभाष के मकान से श्री राजेश जी के घर तक इण्टरलाॅकिंग टाइल्स और नाली का सुधार कार्य।', 'interlock.png', '26.3601502', '80.4323458', '931550.00', 'न0नि0', '2017-08-21', NULL, NULL, NULL, NULL, NULL),
(6, 'अभियंत्रण जोन-2', 'मा0 पार्षद', 28, 'Drain', 'सरकारी राशन की दुकान से प्रोविजन स्टोर तक गली एवं नाली का सुधार कार्य।', 'drain.png', '26.4577857', '80.3365134', '974968.00', 'न0नि0', '2017-08-21', NULL, NULL, NULL, NULL, NULL),
(7, 'अभियंत्रण जोन-2', 'मा0 पार्षद', 46, 'Interlock', 'अमृतपुरम् (देहली सुजानपुर) में श्रीमती राम सखी म0नं0 18ए के सामने इण्टरलाॅकिंग टाइल्स द्वारा मार्ग निर्माण कार्य।', 'interlock.png', '26.3601331', '80.3666816', '744551.00', 'न0नि0', '2017-08-21', NULL, NULL, NULL, NULL, NULL),
(8, 'अभियंत्रण जोन-3', 'मा0 पार्षद', 18, 'Dump Floor', 'साकेत नगर डम्प के सामने कूड़ाघर की फर्श बनाये जाने का कार्य।', 'floor_d.png', '26.4314332', '80.2966262', '693711.00', 'न0नि0', '2017-08-21', NULL, NULL, NULL, NULL, NULL),
(9, 'अभियंत्रण जोन-4', 'मा0 पार्षद', 75, 'Dumpster', 'भैरवघाट कूड़ाघर के पहंुच मार्ग का सुधार कार्य। (मा0 महापौर जी को स्वीकृतार्थ प्रेषित)', 'dump.png', '26.4938758', '80.32528', '1461896.00', 'न0नि0', '2017-08-21', NULL, NULL, NULL, NULL, NULL),
(10, 'अभियंत्रण जोन-4', 'मा0 पार्षद', 37, 'Dumpster', 'मोतीझील स्थित कूड़ाघर के पहंुच मार्ग का सुधार कार्य।', 'dump.png', '26.475247', '80.2996835', '880450.00', 'न0नि0', '2017-08-21', NULL, NULL, NULL, NULL, NULL),
(11, 'अभियंत्रण जोन-4', 'मा0 पार्षद', 3, 'Road', 'जी0आई0सी0 स्कूल के पीछे तिकुनिया पार्क कूड़ा अड्डा के पहंुच मार्ग का सुधार कार्य।', 'road.png', '26.4355909', '80.3420912', '780954.00', 'न0नि0', '2017-08-21', NULL, NULL, NULL, NULL, NULL),
(12, 'अभियंत्रण जोन-4', 'मा0 पार्षद', 15, 'Road', 'सुलभ से काली मन्दिर तक कूड़ाघर के पहंुच मार्ग का सुधार कार्य।', 'road.png', '26.4355866', '80.30926', '984069.00', 'न0नि0', '2017-08-21', NULL, NULL, NULL, NULL, NULL),
(13, 'अभियंत्रण जोन-5', 'मा0 पार्षद', NULL, 'Dumpster', 'वार्ड-2 के अन्तर्गत पीली लेबर कालोनी रामलीला मैदान के सामने कूड़ाघर की मरम्मत का कार्य।', 'dump.png', '26.4376021', '80.3225692', '301198.00', 'न0नि0', '2017-08-21', NULL, NULL, NULL, NULL, NULL),
(14, 'अभियंत्रण जोन-5', 'मा0 पार्षद', 57, 'Dumpster', 'पनकी एम0आई0जी0 तिराहा के पास कूड़ाघर का निर्माण कार्य।', 'dump.png', '26.437585', '80.2547163', '569204.00', 'न0नि0', '2017-08-21', NULL, NULL, NULL, NULL, NULL),
(15, 'अभियंत्रण जोन-5', 'मा0 पार्षद', NULL, 'Dumpster', 'पनकी काली मठिया के पास कूड़ाघर का निर्माण कार्य।', 'dump.png', '26.4409317', '80.2098093', '569204.00', 'न0नि0', '2017-08-21', NULL, NULL, NULL, NULL, NULL),
(16, 'अभियंत्रण जोन-5', 'मा0 पार्षद', 53, 'Dumpster', 'पनकी मन्दिर के पास कूड़ाघर का निर्माण कार्य।', 'dump.png', '26.4729544', '80.2196869', '569204.00', 'न0नि0', '2017-08-21', NULL, NULL, NULL, NULL, NULL),
(17, 'अभियंत्रण जोन-6', 'मा0 पार्षद', 30, 'Road', 'आर0एस0पुरम में म0नं0 117/के/48 से 117/के/58 तक सी0सी0 द्वारा सड़क का सुधार कार्य।', 'road.png', '26.4817822', '80.2926007', '995969.00', 'न0नि0', '2017-08-21', NULL, NULL, NULL, NULL, NULL),
(18, 'मार्गप्रकाश जोन-6', 'मा0 पार्षद', 40, 'LED Light Fitting', 'आजाद नगर स्थित गंगा बैराज चैराहे से प्राचीन मन्दिर मौनी घाट चैराहे तक कुल 10 नग 9.00 लम्बे एस0 टी0 पोल मय एल0ई0डी0 फिटिंग इत्यादि का कार्य।', 'led.png', '26.4540476', '80.2710462', '289631.00', 'न0नि0', '2017-08-21', NULL, NULL, NULL, NULL, NULL),
(19, 'मार्गप्रकाश जोन-6', 'मा0 पार्षद', 40, 'LED Light Fitting', 'आजाद नगर के विभिन्न चैराहों पर 1-1 नग कुल नग 9.5 मी0 लम्बे टावर पोल मय एल0ई0डी0 फिटिंग लगाने इत्यादि का कार्य।', 'led.png', '26.4540476', '80.2710462', '495869.00', 'न0नि0', '2017-08-21', NULL, NULL, NULL, NULL, NULL),
(43, 'अभियंत्रण जोन-6', 'मा0 पार्षद', 91, 'Service Lane', 'वार्ड 91 के अन्तर्गत ब्लाॅक 234, 235, 236, 247, 248 के पीछे सर्विस लेन का सुधार कार्य।', 'lane.png', '26.4608864', '80.198292', '540734.00', 'न0नि0', '2019-08-21', '192/एए 6/20-21', NULL, NULL, NULL, NULL),
(44, 'उद्यान', 'मा0 पार्षद', 91, 'Shed', 'किदवई नगर छपपन पार्क में शेड लगाने का कार्य', 'shed.png', '26.4392277', '80.3123317', '931258.00', 'न0नि0', '2019-08-21', '98/उद्यान/21-22', NULL, NULL, NULL, NULL),
(45, 'अभियंत्रण जोन-6', 'मा0 पार्षद', 27, 'Road', 'नानकारी माधपुरम में विजयलक्ष्मी जायसवाल के मकान से रामसेवक त्रिपाठी के मकान होते हुये प्रशान्त सक्सेना के मकान तक इ0 द्वारा सड़क का सुधार कार्य।', 'road.png', '26.5523897', '80.0276752', '581136.00', 'न0नि0', '2019-08-21', '111/एए 6/20-21', NULL, NULL, NULL, NULL),
(46, 'उद्यान', 'मा0 पार्षद', 85, 'Park Renovation', 'लाजपत नगर स्थित लाला लाजपत राय पार्क की मरम्मत व रंगाई पुताई का कार्य।', 'park.png', '26.4783412', '80.308979', '290120.00', 'न0नि0', '2019-08-21', '146/उद्यान/20-21', NULL, NULL, NULL, NULL),
(47, 'अभियंत्रण जोन-1', 'मा0 पार्षद', 79, 'Accessible Toilet', 'रोटी गोदाम बिराहाना रोड 27/75 मे ंशौचालय का सुधार कार्य।', 'toilt.png', '26.4622037', '80.3539979', '973588.00', 'न0नि0', '2019-08-21', '73/एए 1/21-22', NULL, NULL, NULL, NULL),
(48, 'अभियंत्रण जोन-6', 'मा0 पार्षद', 27, 'Drain', 'में गोपाल चक्की से दीपू पान शाप एवं आर0पी0एस0 पार्टी लाॅन के सामने नाली का सुधार कार्य।', 'drain.png', '26.4282288', '80.3010284', '984232.00', 'न0नि0', '2019-08-21', '110/एए 6/20-21', NULL, NULL, NULL, NULL),
(49, 'अभियंत्रण जोन-6', 'मा0 पार्षद', 46, 'Drain', 'न्यू आजाद नगर में डा0 एस0 डी0 वर्मा के मकान से सौरभ के मकान तक इ0 व नाली का निर्माण कार्य।', 'drain.png', '26.4030807', '80.3446409', '474354.00', 'न0नि0', '2018-08-21', NULL, NULL, NULL, NULL, NULL),
(50, 'प्रोजेक्ट', 'मा0 विधायक सुरेन्द्र मैथानी जी', NULL, 'Shed', 'गुजैनी प्रा0 स्वा0 केन्द्र जीर्णोद्धार कार्य हेतु परिसर में इ0 मुख्य द्वार का निर्माण, फाइबर शेड, बंेच इत्यादि का निर्माण ।', 'shed.png', '26.4406109', '80.2642133', '966350.00', 'न0नि0', '2019-08-21', '07/ए0ए0 प्रो0/21-22', NULL, NULL, NULL, NULL);

-- --------------------------------------------------------

--
-- Table structure for table `complain_record`
--

CREATE TABLE `complain_record` (
  `sno` int(5) NOT NULL,
  `complainer_name` varchar(500) CHARACTER SET utf8 NOT NULL COMMENT 'प्रस्तावक',
  `age` varchar(25) NOT NULL,
  `gender` varchar(25) CHARACTER SET utf8 NOT NULL COMMENT 'Approved Date',
  `father_name` varchar(500) CHARACTER SET utf8 NOT NULL COMMENT 'पत्रावली संख्या',
  `address` varchar(300) CHARACTER SET utf8 COLLATE utf8_unicode_ci NOT NULL COMMENT 'Budget Head',
  `pincode` varchar(10) NOT NULL COMMENT 'Estimated Cost',
  `tehsil` varchar(250) CHARACTER SET utf8 NOT NULL COMMENT 'Zone',
  `block_name` varchar(70) CHARACTER SET utf8 NOT NULL COMMENT 'Ward',
  `village` varchar(250) CHARACTER SET utf8 NOT NULL COMMENT 'पार्षद का नाम',
  `mobile_number` varchar(10) NOT NULL COMMENT 'Sanctioned Cost',
  `subject` varchar(500) CHARACTER SET utf8 COLLATE utf8_unicode_ci NOT NULL COMMENT 'कार्य का नाम',
  `complain` varchar(500) CHARACTER SET utf8 COLLATE utf8_unicode_ci NOT NULL COMMENT 'विवरण',
  `complain_type` varchar(45) CHARACTER SET utf8 NOT NULL,
  `complain_date` datetime NOT NULL,
  `forward_count` int(11) NOT NULL,
  `assign_date` date NOT NULL,
  `solved_date` date NOT NULL,
  `department` varchar(500) CHARACTER SET utf8 NOT NULL,
  `officer_id` varchar(100) NOT NULL,
  `officer_name` varchar(500) CHARACTER SET utf8 NOT NULL,
  `explaination` varchar(500) CHARACTER SET utf8 NOT NULL,
  `cnum` int(11) NOT NULL DEFAULT 0,
  `complain_number` varchar(20) NOT NULL,
  `cur_status` varchar(50) NOT NULL,
  `uploaded_file` varchar(75) CHARACTER SET utf8 NOT NULL,
  `uploaded_file_bydep` varchar(75) CHARACTER SET utf8 NOT NULL,
  `comment` varchar(500) CHARACTER SET utf8 NOT NULL,
  `forward_date` date NOT NULL,
  `come_from` varchar(100) NOT NULL,
  `max_days_to_solve` int(11) NOT NULL DEFAULT 15,
  `last_date_to_solve` date NOT NULL,
  `record_update_dateTime` datetime NOT NULL,
  `nivida_amt` varchar(10) NOT NULL,
  `nivida_dar` varchar(10) NOT NULL,
  `tender_approval_date` date DEFAULT NULL,
  `tender_date` date DEFAULT NULL,
  `tender_opening_date` date DEFAULT NULL,
  `tender_closing_date` date DEFAULT NULL,
  `firm_name` varchar(255) NOT NULL,
  `firm_registration_category` varchar(100) NOT NULL,
  `firm_registration_validity` varchar(100) NOT NULL,
  `nivida_file` varchar(255) NOT NULL,
  `patrawali_date` date DEFAULT NULL,
  `financial_year` varchar(75) NOT NULL,
  `mahapaura_approval_date` date DEFAULT NULL,
  `nagar_ayukat_approval_date` date DEFAULT NULL,
  `related_department` varchar(500) CHARACTER SET utf8 COLLATE utf8_unicode_ci NOT NULL,
  `file_type` varchar(50) CHARACTER SET utf8 COLLATE utf8_unicode_ci NOT NULL
) ENGINE=InnoDB DEFAULT CHARSET=latin1;

--
-- Dumping data for table `complain_record`
--

INSERT INTO `complain_record` (`sno`, `complainer_name`, `age`, `gender`, `father_name`, `address`, `pincode`, `tehsil`, `block_name`, `village`, `mobile_number`, `subject`, `complain`, `complain_type`, `complain_date`, `forward_count`, `assign_date`, `solved_date`, `department`, `officer_id`, `officer_name`, `explaination`, `cnum`, `complain_number`, `cur_status`, `uploaded_file`, `uploaded_file_bydep`, `comment`, `forward_date`, `come_from`, `max_days_to_solve`, `last_date_to_solve`, `record_update_dateTime`, `nivida_amt`, `nivida_dar`, `tender_approval_date`, `tender_date`, `tender_opening_date`, `tender_closing_date`, `firm_name`, `firm_registration_category`, `firm_registration_validity`, `nivida_file`, `patrawali_date`, `financial_year`, `mahapaura_approval_date`, `nagar_ayukat_approval_date`, `related_department`, `file_type`) VALUES
(1, 'मा0 पार्षद', '1', '2021-08-17', '', 'न0नि0', '702328', '1', '76', 'श्री अमित कुमार मेहरोत्रा', '702328', 'लखनउवा फाटक के पास कूड़ेघर का सुधार कार्य', 'लखनउवा फाटक के पास कूड़ेघर का सुधार कार्य', '', '2021-09-07 00:00:00', 0, '2021-09-07', '0000-00-00', 'Admin Office', 'Admin', 'Admin', '', 1, '1', 'pending', '', '', '', '0000-00-00', '', 15, '0000-00-00', '0000-00-00 00:00:00', '', '', NULL, NULL, NULL, NULL, '', '', '', '', '2021-08-17', '2021-2022', '2021-08-17', '2021-08-17', 'Chief Engineer, Department', ''),
(2, 'मा0 पार्षद', '2', '2021-08-17', '', 'न0नि0', '548339', '1', '76', 'श्री अमित कुमार मेहरोत्रा', '548339', 'बरगद वाले कूड़ेघर का सुधार कार्य', 'बरगद वाले कूड़ेघर का सुधार कार्य', '', '2021-09-07 00:00:00', 0, '2021-09-07', '0000-00-00', 'Admin Office', 'Admin', 'Admin', '', 2, '2', 'pending', '', '', '', '0000-00-00', '', 15, '0000-00-00', '0000-00-00 00:00:00', '', '', NULL, NULL, NULL, NULL, '', '', '', '', '2021-08-17', '2021-2022', '2021-08-17', '2021-08-17', 'Chief Engineer, Department', ''),
(3, 'मा0 पार्षद', '3', '2021-08-17', '', 'न0नि0', '776800', '2', '41', 'श्री राजकुमार राजपूत', '776800', 'आवास विकास हंसपुरम सेक्टर-4बी में म0नं0 4बी-318 से 4बी-353 तक नाली एवं इण्टरलाॅकिंग टाइल्स द्वारा सड़क का सुधार कार्य।', 'आवास विकास हंसपुरम सेक्टर-4बी में म0नं0 4बी-318 से 4बी-353 तक नाली एवं इण्टरलाॅकिंग टाइल्स द्वारा सड़क का सुधार कार्य।', '', '2021-09-07 00:00:00', 0, '2021-09-07', '0000-00-00', 'Admin Office', 'Admin', 'Admin', '', 3, '3', 'pending', '', '', '', '0000-00-00', '', 15, '0000-00-00', '0000-00-00 00:00:00', '', '', NULL, NULL, NULL, NULL, '', '', '', '', '2021-08-17', '2021-2022', '2021-08-17', '2021-08-17', 'Chief Engineer, Department', ''),
(4, 'मा0 पार्षद', '4', '2021-08-17', '', 'न0नि0', '960661', '2', '62', 'श्री सौरभ तिवारी', '960661', 'चन्द्रनगरी में बलराम के घर से विनय कटियार वाया देवराज तिवारी तक सड़क एवं नाली का सुधार कार्य।', 'चन्द्रनगरी में बलराम के घर से विनय कटियार वाया देवराज तिवारी तक सड़क एवं नाली का सुधार कार्य।', '', '2021-09-07 00:00:00', 0, '2021-09-07', '0000-00-00', 'Admin Office', 'Admin', 'Admin', '', 4, '4', 'pending', '', '', '', '0000-00-00', '', 15, '0000-00-00', '0000-00-00 00:00:00', '', '', NULL, NULL, NULL, NULL, '', '', '', '', '2021-08-17', '2021-2022', '2021-08-17', '2021-08-17', 'Chief Engineer, Department', ''),
(5, 'मा0 पार्षद', '5', '2021-08-17', '', 'न0नि0', '931550', '2', '12', 'श्री अजीत', '931550', 'रूमा गांव की गली में श्री सुभाष के मकान से श्री राजेश जी के घर तक इण्टरलाॅकिंग टाइल्स और नाली का सुधार कार्य।', 'रूमा गांव की गली में श्री सुभाष के मकान से श्री राजेश जी के घर तक इण्टरलाॅकिंग टाइल्स और नाली का सुधार कार्य।', '', '2021-09-07 00:00:00', 0, '2021-09-07', '0000-00-00', 'Admin Office', 'Admin', 'Admin', '', 5, '5', 'pending', '', '', '', '0000-00-00', '', 15, '0000-00-00', '0000-00-00 00:00:00', '', '', NULL, NULL, NULL, NULL, '', '', '', '', '2021-08-17', '2021-2022', '2021-08-17', '2021-08-17', 'Chief Engineer, Department', ''),
(6, 'मा0 पार्षद', '6', '2021-08-17', '', 'न0नि0', '974968', '2', '28', 'श्रीमती मोहिनी शुक्ला', '974968', 'सरकारी राशन की दुकान से प्रोविजन स्टोर तक गली एवं नाली का सुधार कार्य।', 'सरकारी राशन की दुकान से प्रोविजन स्टोर तक गली एवं नाली का सुधार कार्य।', '', '2021-09-07 00:00:00', 0, '2021-09-07', '0000-00-00', 'Admin Office', 'Admin', 'Admin', '', 6, '6', 'pending', '', '', '', '0000-00-00', '', 15, '0000-00-00', '0000-00-00 00:00:00', '', '', NULL, NULL, NULL, NULL, '', '', '', '', '2021-08-17', '2021-2022', '2021-08-17', '2021-08-17', 'Chief Engineer, Department', ''),
(7, 'मा0 पार्षद', '7', '2021-08-17', '', 'न0नि0', '744551', '2', '46', 'श्री दिनेश तिवारी', '744551', 'अमृतपुरम् (देहली सुजानपुर) में श्रीमती राम सखी म0नं0 18ए के सामने इण्टरलाॅकिंग टाइल्स द्वारा मार्ग निर्माण कार्य।', 'अमृतपुरम् (देहली सुजानपुर) में श्रीमती राम सखी म0नं0 18ए के सामने इण्टरलाॅकिंग टाइल्स द्वारा मार्ग निर्माण कार्य।', '', '2021-09-07 00:00:00', 0, '2021-09-07', '0000-00-00', 'Admin Office', 'Admin', 'Admin', '', 7, '7', 'pending', '', '', '', '0000-00-00', '', 15, '0000-00-00', '0000-00-00 00:00:00', '', '', NULL, NULL, NULL, NULL, '', '', '', '', '2021-08-17', '2021-2022', '2021-08-17', '2021-08-17', 'Chief Engineer, Department', ''),
(8, 'मा0 पार्षद', '8', '2021-08-17', '', 'न0नि0', '693711', '3', '18', 'श्रीमती रचना त्रिपाठी', '693711', 'साकेत नगर डम्प के सामने कूड़ाघर की फर्श बनाये जाने का कार्य।', 'साकेत नगर डम्प के सामने कूड़ाघर की फर्श बनाये जाने का कार्य।', '', '2021-09-07 00:00:00', 0, '2021-09-07', '0000-00-00', 'Admin Office', 'Admin', 'Admin', '', 8, '8', 'pending', '', '', '', '0000-00-00', '', 15, '0000-00-00', '0000-00-00 00:00:00', '', '', NULL, NULL, NULL, NULL, '', '', '', '', '2021-08-17', '2021-2022', '2021-08-17', '2021-08-17', 'Chief Engineer, Department', ''),
(9, 'मा0 पार्षद', '9', '2021-08-17', '', 'न0नि0', '1461896', '4', '75', 'श्री मनोज कुमार पाण्डेय', '1461896', 'भैरवघाट कूड़ाघर के पहंुच मार्ग का सुधार कार्य। (मा0 महापौर जी को स्वीकृतार्थ प्रेषित)', 'भैरवघाट कूड़ाघर के पहंुच मार्ग का सुधार कार्य। (मा0 महापौर जी को स्वीकृतार्थ प्रेषित)', '', '2021-09-07 00:00:00', 0, '2021-09-07', '0000-00-00', 'Admin Office', 'Admin', 'Admin', '', 9, '9', 'pending', '', '', '', '0000-00-00', '', 15, '0000-00-00', '0000-00-00 00:00:00', '', '', NULL, NULL, NULL, NULL, '', '', '', '', '2021-08-17', '2021-2022', '2021-08-17', '2021-08-17', 'Chief Engineer, Department', ''),
(10, 'मा0 पार्षद', '10', '2021-08-17', '', 'न0नि0', '880450', '4', '37', 'श्रीमती नमिता मिश्रा', '880450', 'मोतीझील स्थित कूड़ाघर के पहंुच मार्ग का सुधार कार्य।', 'मोतीझील स्थित कूड़ाघर के पहंुच मार्ग का सुधार कार्य।', '', '2021-09-07 00:00:00', 0, '2021-09-07', '0000-00-00', 'Admin Office', 'Admin', 'Admin', '', 10, '10', 'pending', '', '', '', '0000-00-00', '', 15, '0000-00-00', '0000-00-00 00:00:00', '', '', NULL, NULL, NULL, NULL, '', '', '', '', '2021-08-17', '2021-2022', '2021-08-17', '2021-08-17', 'Chief Engineer, Department', ''),
(11, 'मा0 पार्षद', '11', '2021-08-17', '', 'न0नि0', '780954', '4', '3', 'श्री शरद कुमार सोनकर', '780954', 'जी0आई0सी0 स्कूल के पीछे तिकुनिया पार्क कूड़ा अड्डा के पहंुच मार्ग का सुधार कार्य।', 'जी0आई0सी0 स्कूल के पीछे तिकुनिया पार्क कूड़ा अड्डा के पहंुच मार्ग का सुधार कार्य।', '', '2021-09-07 00:00:00', 0, '2021-09-07', '0000-00-00', 'Admin Office', 'Admin', 'Admin', '', 11, '11', 'pending', '', '', '', '0000-00-00', '', 15, '0000-00-00', '0000-00-00 00:00:00', '', '', NULL, NULL, NULL, NULL, '', '', '', '', '2021-08-17', '2021-2022', '2021-08-17', '2021-08-17', 'Chief Engineer, Department', ''),
(12, 'मा0 पार्षद', '12', '2021-08-17', '', 'न0नि0', '984069', '4', '15', 'श्री सौरभ देव', '984069', 'सुलभ से काली मन्दिर तक कूड़ाघर के पहंुच मार्ग का सुधार कार्य।', 'सुलभ से काली मन्दिर तक कूड़ाघर के पहंुच मार्ग का सुधार कार्य।', '', '2021-09-07 00:00:00', 0, '2021-09-07', '0000-00-00', 'Admin Office', 'Admin', 'Admin', '', 12, '12', 'pending', '', '', '', '0000-00-00', '', 15, '0000-00-00', '0000-00-00 00:00:00', '', '', NULL, NULL, NULL, NULL, '', '', '', '', '2021-08-17', '2021-2022', '2021-08-17', '2021-08-17', 'Chief Engineer, Department', ''),
(13, 'मा0 पार्षद', '13', '2021-08-17', '', 'न0नि0', '301198', '', '', '', '301198', 'वार्ड-2 के अन्तर्गत पीली लेबर कालोनी रामलीला मैदान के सामने कूड़ाघर की मरम्मत का कार्य।', 'वार्ड-2 के अन्तर्गत पीली लेबर कालोनी रामलीला मैदान के सामने कूड़ाघर की मरम्मत का कार्य।', '', '2021-09-07 00:00:00', 0, '2021-09-07', '0000-00-00', 'Admin Office', 'Admin', 'Admin', '', 13, '13', 'pending', '', '', '', '0000-00-00', '', 15, '0000-00-00', '0000-00-00 00:00:00', '', '', NULL, NULL, NULL, NULL, '', '', '', '', '2021-08-17', '2021-2022', '2021-08-17', '2021-08-17', 'Chief Engineer, Department', ''),
(14, 'मा0 पार्षद', '14', '2021-08-17', '', 'न0नि0', '569204', '5', '57', 'श्रीमती सोनी सिंह', '569204', 'पनकी एम0आई0जी0 तिराहा के पास कूड़ाघर का निर्माण कार्य।', 'पनकी एम0आई0जी0 तिराहा के पास कूड़ाघर का निर्माण कार्य।', '', '2021-09-07 00:00:00', 0, '2021-09-07', '0000-00-00', 'Admin Office', 'Admin', 'Admin', '', 14, '14', 'pending', '', '', '', '0000-00-00', '', 15, '0000-00-00', '0000-00-00 00:00:00', '', '', NULL, NULL, NULL, NULL, '', '', '', '', '2021-08-17', '2021-2022', '2021-08-17', '2021-08-17', 'Chief Engineer, Department', ''),
(15, 'मा0 पार्षद', '15', '2021-08-17', '', 'न0नि0', '569204', '', '', '', '569204', 'पनकी काली मठिया के पास कूड़ाघर का निर्माण कार्य।', 'पनकी काली मठिया के पास कूड़ाघर का निर्माण कार्य।', '', '2021-09-07 00:00:00', 0, '2021-09-07', '0000-00-00', 'Admin Office', 'Admin', 'Admin', '', 15, '15', 'pending', '', '', '', '0000-00-00', '', 15, '0000-00-00', '0000-00-00 00:00:00', '', '', NULL, NULL, NULL, NULL, '', '', '', '', '2021-08-17', '2021-2022', '2021-08-17', '2021-08-17', 'Chief Engineer, Department', ''),
(16, 'मा0 पार्षद', '16', '2021-08-17', '', 'न0नि0', '569204', '5', '53', 'श्री सुमित कुमार पाल', '569204', 'पनकी मन्दिर के पास कूड़ाघर का निर्माण कार्य।', 'पनकी मन्दिर के पास कूड़ाघर का निर्माण कार्य।', '', '2021-09-07 00:00:00', 0, '2021-09-07', '0000-00-00', 'Admin Office', 'Admin', 'Admin', '', 16, '16', 'pending', '', '', '', '0000-00-00', '', 15, '0000-00-00', '0000-00-00 00:00:00', '', '', NULL, NULL, NULL, NULL, '', '', '', '', '2021-08-17', '2021-2022', '2021-08-17', '2021-08-17', 'Chief Engineer, Department', ''),
(17, 'मा0 पार्षद', '17', '2021-08-17', '', 'न0नि0', '995969', '6', '30', 'श्रीमती ऊषा मिश्रा', '995969', 'आर0एस0पुरम में म0नं0 117/के/48 से 117/के/58 तक सी0सी0 द्वारा सड़क का सुधार कार्य।', 'आर0एस0पुरम में म0नं0 117/के/48 से 117/के/58 तक सी0सी0 द्वारा सड़क का सुधार कार्य।', '', '2021-09-07 00:00:00', 0, '2021-09-07', '0000-00-00', 'Admin Office', 'Admin', 'Admin', '', 17, '17', 'pending', '', '', '', '0000-00-00', '', 15, '0000-00-00', '0000-00-00 00:00:00', '', '', NULL, NULL, NULL, NULL, '', '', '', '', '2021-08-17', '2021-2022', '2021-08-17', '2021-08-17', 'Chief Engineer, Department', ''),
(18, 'मा0 पार्षद', '18', '2021-08-17', '', 'न0नि0', '289631', '6', '40', 'श्री महेन्द्र पाण्डेय (पप्पू)', '289631', 'आजाद नगर स्थित गंगा बैराज चैराहे से प्राचीन मन्दिर मौनी घाट चैराहे तक कुल 10 नग 9.00 लम्बे एस0 टी0 पोल मय एल0ई0डी0 फिटिंग इत्यादि का कार्य।', 'आजाद नगर स्थित गंगा बैराज चैराहे से प्राचीन मन्दिर मौनी घाट चैराहे तक कुल 10 नग 9.00 लम्बे एस0 टी0 पोल मय एल0ई0डी0 फिटिंग इत्यादि का कार्य।', '', '2021-09-07 00:00:00', 0, '2021-09-07', '0000-00-00', 'Admin Office', 'Admin', 'Admin', '', 18, '18', 'pending', '', '', '', '0000-00-00', '', 15, '0000-00-00', '0000-00-00 00:00:00', '', '', NULL, NULL, NULL, NULL, '', '', '', '', '2021-08-17', '2021-2022', '2021-08-17', '2021-08-17', 'Lighting, Department', ''),
(19, 'मा0 पार्षद', '19', '2021-08-17', '', 'न0नि0', '495869', '6', '40', 'श्री महेन्द्र पाण्डेय (पप्पू)', '495869', 'आजाद नगर के विभिन्न चैराहों पर 1-1 नग कुल नग 9.5 मी0 लम्बे टावर पोल मय एल0ई0डी0 फिटिंग लगाने इत्यादि का कार्य।', 'आजाद नगर के विभिन्न चैराहों पर 1-1 नग कुल नग 9.5 मी0 लम्बे टावर पोल मय एल0ई0डी0 फिटिंग लगाने इत्यादि का कार्य।', '', '2021-09-07 00:00:00', 0, '2021-09-07', '0000-00-00', 'Admin Office', 'Admin', 'Admin', '', 19, '19', 'pending', '', '', '', '0000-00-00', '', 15, '0000-00-00', '0000-00-00 00:00:00', '', '', NULL, NULL, NULL, NULL, '', '', '', '', '2021-08-17', '2021-2022', '2021-08-17', '2021-08-17', 'Lighting, Department', ''),
(20, 'मा0 पार्षद', '20', '2021-8-17', '350/एए.5/20-21', 'न0नि0', '748283', '', '', '', '748283', 'तात्याटोपे नगर केडीएमए स्कूल के पास नाला डायवर्जन का कार्य ', 'तात्याटोपे नगर केडीएमए स्कूल के पास नाला डायवर्जन का कार्य ', '', '2021-08-17 00:00:00', 0, '2021-08-17', '2021-08-17', 'Admin Office', 'Admin', 'Admin', 'explaination', 20, '20', 'solved', '', '', '', '0000-00-00', '', 15, '0000-00-00', '0000-00-00 00:00:00', '748283', '0', '2021-08-17', NULL, NULL, NULL, 'Firm Name', '', '', '', '2021-08-17', '2021-2022', '2021-08-17', '2021-08-17', 'Chief Engineer, Department', ''),
(21, 'मा0 पार्षद', '21', '2021-8-17', '20/एए.3/21-22', 'न0नि0', '285968', '5', '77', 'श्रीमती सुधा सचान', '285968', 'वार्ड-77 के अन्तर्गत सेक्टर ए0बी0सी0 में गली पिट बनाने का कार्य ', 'वार्ड-77 के अन्तर्गत सेक्टर ए0बी0सी0 में गली पिट बनाने का कार्य ', '', '2021-08-17 00:00:00', 0, '2021-08-17', '2021-08-17', 'Admin Office', 'Admin', 'Admin', 'explaination', 21, '21', 'solved', '', '', '', '0000-00-00', '', 15, '0000-00-00', '0000-00-00 00:00:00', '285968', '0', '2021-08-17', NULL, NULL, NULL, 'Firm Name', '', '', '', '2021-08-17', '2021-2022', '2021-08-17', '2021-08-17', 'Chief Engineer, Department', ''),
(22, 'मा0 पार्षद', '22', '2021-8-17', '177/एए.5/21-22', 'न0नि0', '426614', '', '', '', '426614', 'जागेश्वर कार्यालय में प्रथम तल पर बाथरूम का निर्माण कार्य', 'जागेश्वर कार्यालय में प्रथम तल पर बाथरूम का निर्माण कार्य', '', '2021-08-17 00:00:00', 0, '2021-08-17', '2021-08-17', 'Admin Office', 'Admin', 'Admin', 'explaination', 22, '22', 'solved', '', '', '', '0000-00-00', '', 15, '0000-00-00', '0000-00-00 00:00:00', '426614', '0', '2021-08-17', NULL, NULL, NULL, 'Firm Name', '', '', '', '2021-08-17', '2021-2022', '2021-08-17', '2021-08-17', 'Chief Engineer, Department', ''),
(23, 'मा0 पार्षद', '23', '2021-8-17', '16/एए.1/21-22', 'न0नि0', '597880', '1', '101', 'श्री अभिषेक गुप्ता', '597880', 'चैक सर्राफा के अन्तर्गत कोतवाली चैराहा से बड़ा चैराहा तक फुटपाथ का सुधार कार्य ', 'चैक सर्राफा के अन्तर्गत कोतवाली चैराहा से बड़ा चैराहा तक फुटपाथ का सुधार कार्य ', '', '2021-08-17 00:00:00', 0, '2021-08-17', '2021-08-17', 'Admin Office', 'Admin', 'Admin', 'explaination', 23, '23', 'solved', '', '', '', '0000-00-00', '', 15, '0000-00-00', '0000-00-00 00:00:00', '597880', '0', '2021-08-17', NULL, NULL, NULL, 'Firm Name', '', '', '', '2021-08-17', '2021-2022', '2021-08-17', '2021-08-17', 'Chief Engineer, Department', ''),
(24, 'मा0 पार्षद', '24', '2021-8-17', '176/एए.5/21-22', 'न0नि0', '245398', '', '', '', '245398', 'जागेेश्वर कार्यालय प्रथम तल पर कमरों में विद्युत वायरिंग का कार्य', 'जागेेश्वर कार्यालय प्रथम तल पर कमरों में विद्युत वायरिंग का कार्य', '', '2021-08-17 00:00:00', 0, '2021-08-17', '2021-08-17', 'Admin Office', 'Admin', 'Admin', 'explaination', 24, '24', 'solved', '', '', '', '0000-00-00', '', 15, '0000-00-00', '0000-00-00 00:00:00', '245398', '0', '2021-08-17', NULL, NULL, NULL, 'Firm Name', '', '', '', '2021-08-17', '2021-2022', '2021-08-17', '2021-08-17', 'Chief Engineer, Department', ''),
(25, 'मा0 पार्षद', '25', '2021-8-17', '82/एए.5/21-22', 'न0नि0', '909667', '6', '52', 'श्री धीरेन्द्र कुमार त्रिपाठी', '909667', 'पनकी अस्थायी गौशाला के अन्तर्गत ग्रीन बेल्ट नं0 1 में हास्पिटल का निर्माण कार्य।', 'पनकी अस्थायी गौशाला के अन्तर्गत ग्रीन बेल्ट नं0 1 में हास्पिटल का निर्माण कार्य।', '', '2021-08-17 00:00:00', 0, '2021-08-17', '2021-08-17', 'Admin Office', 'Admin', 'Admin', 'explaination', 25, '25', 'solved', '', '', '', '0000-00-00', '', 15, '0000-00-00', '0000-00-00 00:00:00', '909667', '0', '2021-08-17', NULL, NULL, NULL, 'Firm Name', '', '', '', '2021-08-17', '2021-2022', '2021-08-17', '2021-08-17', 'Chief Engineer, Department', ''),
(26, 'मा0 पार्षद', '26', '2021-8-17', '178/एए.5/21-22', 'न0नि0', '930847', '', '', '', '930847', 'जागेश्वर कार्यालय में प्रथम तल पर बने कमरों में फ्लोकर टाइल्स एवं रंगाई-पुताई व मरम्मत कार्य', 'जागेश्वर कार्यालय में प्रथम तल पर बने कमरों में फ्लोकर टाइल्स एवं रंगाई-पुताई व मरम्मत कार्य', '', '2021-08-17 00:00:00', 0, '2021-08-17', '2021-08-17', 'Admin Office', 'Admin', 'Admin', 'explaination', 26, '26', 'solved', '', '', '', '0000-00-00', '', 15, '0000-00-00', '0000-00-00 00:00:00', '930847', '0', '2021-08-17', NULL, NULL, NULL, 'Firm Name', '', '', '', '2021-08-17', '2021-2022', '2021-08-17', '2021-08-17', 'Chief Engineer, Department', ''),
(27, 'मा0 पार्षद', '27', '2021-8-17', '263/एसएल/जी/20-21', 'न0नि0', '234762', '1', '78', 'श्री यशपाल सिंह', '234762', 'वार्ड-78 एवं 106 सरसैया घाट व हैरिशगंज पुल में कुल 03 नग 9.5 मी0 लम्बे एस0टी0 पोल लगाने इत्यादि का कार्य ', 'वार्ड-78 एवं 106 सरसैया घाट व हैरिशगंज पुल में कुल 03 नग 9.5 मी0 लम्बे एस0टी0 पोल लगाने इत्यादि का कार्य ', '', '2021-08-17 00:00:00', 0, '2021-08-17', '2021-08-17', 'Admin Office', 'Admin', 'Admin', 'explaination', 27, '27', 'solved', '', '', '', '0000-00-00', '', 15, '0000-00-00', '0000-00-00 00:00:00', '234762', '0', '2021-08-17', NULL, NULL, NULL, 'Firm Name', '', '', '', '2021-08-17', '2021-2022', '2021-08-17', '2021-08-17', 'Lighting, Department', ''),
(28, 'मा0 पार्षद', '28', '2021-8-17', '14/एसएल/जी/21-22', 'न0नि0', '245121', '', '', '', '245121', 'वार्ड-33, 54, 91, 43 व 69 के विभिन्न स्थलों पर कुल 15 नग 9.00 मी0 लम्बे क्षतिग्रस्त पोेलों को हटाकर पुनः स्ािापित कराकर केबिल, स्विच इत्यादि लगाने का कार्य।', 'वार्ड-33, 54, 91, 43 व 69 के विभिन्न स्थलों पर कुल 15 नग 9.00 मी0 लम्बे क्षतिग्रस्त पोेलों को हटाकर पुनः स्ािापित कराकर केबिल, स्विच इत्यादि लगाने का कार्य।', '', '2021-08-17 00:00:00', 0, '2021-08-17', '2021-08-17', 'Admin Office', 'Admin', 'Admin', 'explaination', 28, '28', 'solved', '', '', '', '0000-00-00', '', 15, '0000-00-00', '0000-00-00 00:00:00', '245121', '0', '2021-08-17', NULL, NULL, NULL, 'Firm Name', '', '', '', '2021-08-17', '2021-2022', '2021-08-17', '2021-08-17', 'Lighting, Department', ''),
(29, 'मा0 पार्षद', '29', '2021-8-17', '15/एसएल/जी/21-22', 'न0नि0', '194119', '3', '100', 'श्री योगेन्द्र सिंह', '194119', 'किदवई नगर स्थित म्युजिकल फाउन्टेन के अन्दर लगे 24 नग पोलों पर केबिल लाइन खींचकर प्रकाश व्यवस्था इत्यादि का कार्य।', 'किदवई नगर स्थित म्युजिकल फाउन्टेन के अन्दर लगे 24 नग पोलों पर केबिल लाइन खींचकर प्रकाश व्यवस्था इत्यादि का कार्य।', '', '2021-08-17 00:00:00', 0, '2021-08-17', '2021-08-17', 'Admin Office', 'Admin', 'Admin', 'explaination', 29, '29', 'solved', '', '', '', '0000-00-00', '', 15, '0000-00-00', '0000-00-00 00:00:00', '194119', '0', '2021-08-17', NULL, NULL, NULL, 'Firm Name', '', '', '', '2021-08-17', '2021-2022', '2021-08-17', '2021-08-17', 'Lighting, Department', ''),
(30, 'मा0 पार्षद', '30', '2021-8-17', '348/एए.6/20-21', 'न0नि0', '64204', '6', '35', 'श्रीमती अंजू मिश्रा', '64204', 'कल्यानपुर उत्तरी के अन्तर्गत स्थित मवेशी खाना की बाउन्ड्रीवाल का निर्माण कार्य ', 'कल्यानपुर उत्तरी के अन्तर्गत स्थित मवेशी खाना की बाउन्ड्रीवाल का निर्माण कार्य ', '', '2021-08-17 00:00:00', 0, '2021-08-17', '2021-08-17', 'Admin Office', 'Admin', 'Admin', 'explaination', 30, '30', 'solved', '', '', '', '0000-00-00', '', 15, '0000-00-00', '0000-00-00 00:00:00', '64204', '0', '2021-08-17', NULL, NULL, NULL, 'Firm Name', '', '', '', '2021-08-17', '2021-2022', '2021-08-17', '2021-08-17', 'Chief Engineer, Department', ''),
(31, 'मा0 पार्षद', '31', '2021-8-17', '351/एए.5/20-21', 'न0नि0', '136285', '', '', '', '136285', 'तात्याटोपे नगर पुल के पास सीवर लाईन डायवर्जन का कार्य ', 'तात्याटोपे नगर पुल के पास सीवर लाईन डायवर्जन का कार्य ', '', '2021-08-17 00:00:00', 0, '2021-08-17', '2021-08-17', 'Admin Office', 'Admin', 'Admin', 'explaination', 31, '31', 'solved', '', '', '', '0000-00-00', '', 15, '0000-00-00', '0000-00-00 00:00:00', '136285', '0', '2021-08-17', NULL, NULL, NULL, 'Firm Name', '', '', '', '2021-08-17', '2021-2022', '2021-08-17', '2021-08-17', 'Chief Engineer, Department', ''),
(32, 'मा0 पार्षद', '32', '2021-8-17', '349/एए.5/20-21', 'न0नि0', '918494', '', '', '', '918494', 'रफाका नाला केडीएमए स्कूल के पास रिटेनिंग वाल का निर्माण कार्य', 'रफाका नाला केडीएमए स्कूल के पास रिटेनिंग वाल का निर्माण कार्य', '', '2021-08-17 00:00:00', 0, '2021-08-17', '2021-08-17', 'Admin Office', 'Admin', 'Admin', 'explaination', 32, '32', 'solved', '', '', '', '0000-00-00', '', 15, '0000-00-00', '0000-00-00 00:00:00', '918494', '0', '2021-08-17', NULL, NULL, NULL, 'Firm Name', '', '', '', '2021-08-17', '2021-2022', '2021-08-17', '2021-08-17', 'Chief Engineer, Department', ''),
(33, 'मा0 पार्षद', '33', '2021-8-17', '126/एए.5/20-21', 'न0नि0', '898674', '', '', '', '898674', 'जी0टी0 रोड पर जरीब चैकी से अफीम कोठी होते हुए झकरकटी पुल तक सड़क के दोनों तरफ साइड पटरी पर जल भराव के निराकरण हेतु गलीपिट एवं साइट पटरी की ड्रेसिंग का कार्य।', 'जी0टी0 रोड पर जरीब चैकी से अफीम कोठी होते हुए झकरकटी पुल तक सड़क के दोनों तरफ साइड पटरी पर जल भराव के निराकरण हेतु गलीपिट एवं साइट पटरी की ड्रेसिंग का कार्य।', '', '2021-08-17 00:00:00', 0, '2021-08-17', '2021-08-17', 'Admin Office', 'Admin', 'Admin', 'explaination', 33, '33', 'solved', '', '', '', '0000-00-00', '', 15, '0000-00-00', '0000-00-00 00:00:00', '898674', '0', '2021-08-17', NULL, NULL, NULL, 'Firm Name', '', '', '', '2021-08-17', '2021-2022', '2021-08-17', '2021-08-17', 'Chief Engineer, Department', ''),
(34, 'मा0 पार्षद', '34', '2021-8-17', '84/एए.5/21-22', 'न0नि0', '811834', '', '', '', '811834', 'पनकी गौशाला के अन्तर्गत बरसाती पानी की निकासी हेतु पिट नाली एवं पानी की नादी तथा चरही मरम्मत कार्य', 'पनकी गौशाला के अन्तर्गत बरसाती पानी की निकासी हेतु पिट नाली एवं पानी की नादी तथा चरही मरम्मत कार्य', '', '2021-08-17 00:00:00', 0, '2021-08-17', '2021-08-17', 'Admin Office', 'Admin', 'Admin', 'explaination', 34, '34', 'solved', '', '', '', '0000-00-00', '', 15, '0000-00-00', '0000-00-00 00:00:00', '811834', '0', '2021-08-17', NULL, NULL, NULL, 'Firm Name', '', '', '', '2021-08-17', '2021-2022', '2021-08-17', '2021-08-17', 'Chief Engineer, Department', ''),
(35, 'मा0 पार्षद', '35', '2021-8-17', '14/एए.1/21-22', 'न0नि0', '274781', '', '', '', '274781', 'चैक सर्राफा के अन्तर्गत कोतवाली चैराहा से शिवाला तक फुटपाथ का सुधार कार्य ', 'चैक सर्राफा के अन्तर्गत कोतवाली चैराहा से शिवाला तक फुटपाथ का सुधार कार्य ', '', '2021-08-17 00:00:00', 0, '2021-08-17', '2021-08-17', 'Admin Office', 'Admin', 'Admin', 'explaination', 35, '35', 'solved', '', '', '', '0000-00-00', '', 15, '0000-00-00', '0000-00-00 00:00:00', '274781', '0', '2021-08-17', NULL, NULL, NULL, 'Firm Name', '', '', '', '2021-08-17', '2021-2022', '2021-08-17', '2021-08-17', 'Chief Engineer, Department', ''),
(36, 'मा0 पार्षद', '36', '2021-8-17', '15/एए.1/21-22', 'न0नि0', '612059', '1', '101', 'श्री अभिषेक गुप्ता', '612059', 'चैक सर्राफा के अन्तर्गत तारघर मोड़ से पेट्रोल पम्प तक फुटपाथ व नाली का सुधार कार्य।', 'चैक सर्राफा के अन्तर्गत तारघर मोड़ से पेट्रोल पम्प तक फुटपाथ व नाली का सुधार कार्य।', '', '2021-08-17 00:00:00', 0, '2021-08-17', '2021-08-17', 'Admin Office', 'Admin', 'Admin', 'explaination', 36, '36', 'solved', '', '', '', '0000-00-00', '', 15, '0000-00-00', '0000-00-00 00:00:00', '612059', '0', '2021-08-17', NULL, NULL, NULL, 'Firm Name', '', '', '', '2021-08-17', '2021-2022', '2021-08-17', '2021-08-17', 'Chief Engineer, Department', ''),
(37, 'मा0 पार्षद', '37', '2021-8-17', '442/एए.3/20-21', 'न0नि0', '547560', '3', '102', 'श्रीमती शहीन खातून', '547560', 'बेगम पुरवा में 131/370 से 131/66 तक सड़क का सुधार कार्य।', 'बेगम पुरवा में 131/370 से 131/66 तक सड़क का सुधार कार्य।', '', '2021-08-17 00:00:00', 0, '2021-08-17', '2021-08-17', 'Admin Office', 'Admin', 'Admin', 'explaination', 37, '37', 'solved', '', '', '', '0000-00-00', '', 15, '0000-00-00', '0000-00-00 00:00:00', '547560', '0', '2021-08-17', NULL, NULL, NULL, 'Firm Name', '', '', '', '2021-08-17', '2021-2022', '2021-08-17', '2021-08-17', 'Chief Engineer, Department', ''),
(38, 'मा0 पार्षद', '38', '2021-8-17', '78/एए.3/21-22', 'न0नि0', '224961', '3', '18', 'श्रीमती रचना त्रिपाठी', '224961', 'उस्मानपुर प्राइमरी पाठशाला की मरम्मत व रंगाई-पुताई का कार्य।', 'उस्मानपुर प्राइमरी पाठशाला की मरम्मत व रंगाई-पुताई का कार्य।', '', '2021-08-17 00:00:00', 0, '2021-08-17', '2021-08-17', 'Admin Office', 'Admin', 'Admin', 'explaination', 38, '38', 'solved', '', '', '', '0000-00-00', '', 15, '0000-00-00', '0000-00-00 00:00:00', '224961', '0', '2021-08-17', NULL, NULL, NULL, 'Firm Name', '', '', '', '2021-08-17', '2021-2022', '2021-08-17', '2021-08-17', 'Chief Engineer, Department', ''),
(39, 'मा0 पार्षद', '39', '2021-8-17', '476/एए.3/20-21', 'न0नि0', '918244', '3', '102', 'श्रीमती शहीन खातून', '918244', 'बेगम पुरवा नई बस्ती में गार्ड साहब के घर के सामने इण्टरलाॅक टाइल द्वारा सड़क का सुधार कार्य।', 'बेगम पुरवा नई बस्ती में गार्ड साहब के घर के सामने इण्टरलाॅक टाइल द्वारा सड़क का सुधार कार्य।', '', '2021-08-17 00:00:00', 0, '2021-08-17', '2021-08-17', 'Admin Office', 'Admin', 'Admin', 'explaination', 39, '39', 'solved', '', '', '', '0000-00-00', '', 15, '0000-00-00', '0000-00-00 00:00:00', '918244', '0', '2021-08-17', NULL, NULL, NULL, 'Firm Name', '', '', '', '2021-08-17', '2021-2022', '2021-08-17', '2021-08-17', 'Chief Engineer, Department', ''),
(40, 'मा0 पार्षद', '40', '2021-8-17', '461/एए.3/20-21', 'न0नि0', '218103', '3', '88', 'श्री अनुूप कुमार शुक्ला', '218103', 'वार्ड-88 के अन्तर्गत मुन्नी लाल से निगम तक इंटरलाॅकिंग द्वारा फुटपाथ व नाली का सुधार कार्य।', 'वार्ड-88 के अन्तर्गत मुन्नी लाल से निगम तक इंटरलाॅकिंग द्वारा फुटपाथ व नाली का सुधार कार्य।', '', '2021-08-17 00:00:00', 0, '2021-08-17', '2021-08-17', 'Admin Office', 'Admin', 'Admin', 'explaination', 40, '40', 'solved', '', '', '', '0000-00-00', '', 15, '0000-00-00', '0000-00-00 00:00:00', '218103', '0', '2021-08-17', NULL, NULL, NULL, 'Firm Name', '', '', '', '2021-08-17', '2021-2022', '2021-08-17', '2021-08-17', 'Chief Engineer, Department', ''),
(41, 'मा0 पार्षद', '41', '2021-8-19', '168/एए.4/21-22', 'न0नि0', '2909221', '4', '37', 'श्रीमती नमिता मिश्रा', '2909221', 'अशोक नगर के अन्तर्गत सचान डेयरी के सामने क्षतिग्रस्त डाॅट नाला की फाउण्डेशन व दीवार की मरम्मत का कार्य। 117 (6बी)', 'अशोक नगर के अन्तर्गत सचान डेयरी के सामने क्षतिग्रस्त डाॅट नाला की फाउण्डेशन व दीवार की मरम्मत का कार्य। 117 (6बी)', '', '2021-08-19 00:00:00', 0, '2021-08-19', '2021-08-19', 'Admin Office', 'Admin', 'Admin', 'explaination', 41, '41', 'solved', '', '', '', '0000-00-00', '', 15, '0000-00-00', '0000-00-00 00:00:00', '2909221', '0', '2021-08-19', NULL, NULL, NULL, 'Firm Name', '', '', '', '2021-08-19', '2021-2022', '2021-08-19', '2021-08-19', 'Chief Engineer, Department', ''),
(42, 'मा0 पार्षद', '42', '2021-8-19', '169/एए.4/21-22', 'न0नि0', '2138904', '4', '37', 'श्रीमती नमिता मिश्रा', '2138904', 'अशोक नगर के अन्तर्गत सचान डेयरी के सामने क्षतिग्रस्त डाॅट नाला की स्लैब व सड़क मरम्मत का कार्य। 117 (6बी)', 'अशोक नगर के अन्तर्गत सचान डेयरी के सामने क्षतिग्रस्त डाॅट नाला की स्लैब व सड़क मरम्मत का कार्य। 117 (6बी)', '', '2021-08-19 00:00:00', 0, '2021-08-19', '2021-08-19', 'Admin Office', 'Admin', 'Admin', 'explaination', 42, '42', 'solved', '', '', '', '0000-00-00', '', 15, '0000-00-00', '0000-00-00 00:00:00', '2138904', '0', '2021-08-19', NULL, NULL, NULL, 'Firm Name', '', '', '', '2021-08-19', '2021-2022', '2021-08-19', '2021-08-19', 'Chief Engineer, Department', ''),
(43, 'मा0 पार्षद', '43', '2021-08-19', '192/एए 6/20-21', 'न0नि0', '540734', '6', '91', 'श्री राघवेन्द्र मिश्र', '540734', 'वार्ड 91 के अन्तर्गत ब्लाॅक 234, 235, 236, 247, 248 के पीछे सर्विस लेन का सुधार कार्य।', 'वार्ड 91 के अन्तर्गत ब्लाॅक 234, 235, 236, 247, 248 के पीछे सर्विस लेन का सुधार कार्य।', '', '2021-09-07 00:00:00', 0, '2021-09-07', '0000-00-00', 'Admin Office', 'Admin', 'Admin', '', 43, '43', 'pending', '', '', '', '0000-00-00', '', 15, '0000-00-00', '0000-00-00 00:00:00', '', '', NULL, NULL, NULL, NULL, '', '', '', '', '2021-08-19', '2021-2022', '2021-08-19', '2021-08-19', 'Chief Engineer, Department', ''),
(44, 'मा0 पार्षद', '44', '2021-08-19', '98/उद्यान/21-22', 'न0नि0', '931258', '6', '91', 'श्री राघवेन्द्र मिश्र', '931258', 'किदवई नगर छपपन पार्क में शेड लगाने का कार्य', 'किदवई नगर छपपन पार्क में शेड लगाने का कार्य', '', '2021-09-07 00:00:00', 0, '2021-09-07', '0000-00-00', 'Admin Office', 'Admin', 'Admin', '', 44, '44', 'pending', '', '', '', '0000-00-00', '', 15, '0000-00-00', '0000-00-00 00:00:00', '', '', NULL, NULL, NULL, NULL, '', '', '', '', '2021-08-19', '2021-2022', '2021-08-19', '2021-08-19', 'Udhyan, Department', ''),
(45, 'मा0 पार्षद', '45', '2021-08-19', '111/एए 6/20-21', 'न0नि0', '581136', '6', '27', 'श्रीमती निर्मल मिश्रा', '581136', 'नानकारी माधपुरम में विजयलक्ष्मी जायसवाल के मकान से रामसेवक त्रिपाठी के मकान होते हुये प्रशान्त सक्सेना के मकान तक इ0 द्वारा सड़क का सुधार कार्य।', 'नानकारी माधपुरम में विजयलक्ष्मी जायसवाल के मकान से रामसेवक त्रिपाठी के मकान होते हुये प्रशान्त सक्सेना के मकान तक इ0 द्वारा सड़क का सुधार कार्य।', '', '2021-09-07 00:00:00', 0, '2021-09-07', '0000-00-00', 'Admin Office', 'Admin', 'Admin', '', 45, '45', 'pending', '', '', '', '0000-00-00', '', 15, '0000-00-00', '0000-00-00 00:00:00', '', '', NULL, NULL, NULL, NULL, '', '', '', '', '2021-08-19', '2021-2022', '2021-08-19', '2021-08-19', 'Chief Engineer, Department', ''),
(46, 'मा0 पार्षद', '46', '2021-08-19', '146/उद्यान/20-21', 'न0नि0', '290120', '6', '85', 'श्री अमनदीप सिंह गम्भीर', '290120', 'लाजपत नगर स्थित लाला लाजपत राय पार्क की मरम्मत व रंगाई पुताई का कार्य।', 'लाजपत नगर स्थित लाला लाजपत राय पार्क की मरम्मत व रंगाई पुताई का कार्य।', '', '2021-09-07 00:00:00', 0, '2021-09-07', '0000-00-00', 'Admin Office', 'Admin', 'Admin', '', 46, '46', 'pending', '', '', '', '0000-00-00', '', 15, '0000-00-00', '0000-00-00 00:00:00', '', '', NULL, NULL, NULL, NULL, '', '', '', '', '2021-08-19', '2021-2022', '2021-08-19', '2021-08-19', 'Udhyan, Department', ''),
(47, 'मा0 पार्षद', '47', '2021-08-19', '73/एए 1/21-22', 'न0नि0', '973588', '1', '79', 'श्री विकास जायसवाल', '973588', 'रोटी गोदाम बिराहाना रोड 27/75 मे ंशौचालय का सुधार कार्य। ', 'रोटी गोदाम बिराहाना रोड 27/75 मे ंशौचालय का सुधार कार्य। ', '', '2021-09-07 00:00:00', 0, '2021-09-07', '0000-00-00', 'Admin Office', 'Admin', 'Admin', '', 47, '47', 'pending', '', '', '', '0000-00-00', '', 15, '0000-00-00', '0000-00-00 00:00:00', '', '', NULL, NULL, NULL, NULL, '', '', '', '', '2021-08-19', '2021-2022', '2021-08-19', '2021-08-19', 'Chief Engineer, Department', ''),
(48, 'मा0 पार्षद', '48', '2021-08-19', '110/एए 6/20-21', 'न0नि0', '984232', '6', '27', 'श्रीमती निर्मल मिश्रा', '984232', 'में गोपाल चक्की से दीपू पान शाप एवं आर0पी0एस0 पार्टी लाॅन के सामने नाली का सुधार कार्य।', 'में गोपाल चक्की से दीपू पान शाप एवं आर0पी0एस0 पार्टी लाॅन के सामने नाली का सुधार कार्य।', '', '2021-09-07 00:00:00', 0, '2021-09-07', '0000-00-00', 'Admin Office', 'Admin', 'Admin', '', 48, '48', 'pending', '', '', '', '0000-00-00', '', 15, '0000-00-00', '0000-00-00 00:00:00', '', '', NULL, NULL, NULL, NULL, '', '', '', '', '2021-08-19', '2021-2022', '2021-08-19', '2021-08-19', 'Chief Engineer, Department', ''),
(49, 'मा0 पार्षद', '49', '2021-08-18', '', 'न0नि0', '474354', '2', '46', 'श्री दिनेश तिवारी', '474354', 'न्यू आजाद नगर में डा0 एस0 डी0 वर्मा के मकान से सौरभ के मकान तक इ0 व नाली का निर्माण कार्य।', 'न्यू आजाद नगर में डा0 एस0 डी0 वर्मा के मकान से सौरभ के मकान तक इ0 व नाली का निर्माण कार्य।', '', '2021-09-07 00:00:00', 0, '2021-09-07', '0000-00-00', 'Admin Office', 'Admin', 'Admin', '', 49, '49', 'pending', '', '', '', '0000-00-00', '', 15, '0000-00-00', '0000-00-00 00:00:00', '', '', NULL, NULL, NULL, NULL, '', '', '', '', '2021-08-18', '2021-2022', '2021-08-18', '2021-08-18', 'Chief Engineer, Department', ''),
(50, 'मा0 विधायक सुरेन्द्र मैथानी जी ', '50', '2021-08-19', '07/ए0ए0 प्रो0/21-22', 'न0नि0', '966350', '', '', '', '966350', 'गुजैनी प्रा0 स्वा0 केन्द्र जीर्णोद्धार कार्य हेतु परिसर में इ0 मुख्य द्वार का निर्माण, फाइबर शेड, बंेच इत्यादि का निर्माण ।', 'गुजैनी प्रा0 स्वा0 केन्द्र जीर्णोद्धार कार्य हेतु परिसर में इ0 मुख्य द्वार का निर्माण, फाइबर शेड, बंेच इत्यादि का निर्माण ।', '', '2021-09-07 00:00:00', 0, '2021-09-07', '0000-00-00', 'Admin Office', 'Admin', 'Admin', '', 50, '50', 'pending', '', '', '', '0000-00-00', '', 15, '0000-00-00', '0000-00-00 00:00:00', '', '', NULL, NULL, NULL, NULL, '', '', '', '', '2021-08-19', '2021-2022', '2021-08-19', '2021-08-19', 'Project, Department', ''),
(51, 'मा0 पार्षद', '51', '2021-08-19', '363/एए 3/20-21', 'न0नि0', '199437', '3', '18', 'श्रीमती रचना त्रिपाठी', '199437', 'वार्ड 18 केशव नगर में 127/709 डबलू-1 से 127/353 फुटपाथ व नाली का सुधार कार्य।', 'वार्ड 18 केशव नगर में 127/709 डबलू-1 से 127/353 फुटपाथ व नाली का सुधार कार्य।', '', '2021-09-07 00:00:00', 0, '2021-09-07', '0000-00-00', 'Admin Office', 'Admin', 'Admin', '', 51, '51', 'pending', '', '', '', '0000-00-00', '', 15, '0000-00-00', '0000-00-00 00:00:00', '', '', NULL, NULL, NULL, NULL, '', '', '', '', '2021-08-19', '2021-2022', '2021-08-19', '2021-08-19', 'Chief Engineer, Department', ''),
(52, 'मा0 पार्षद', '52', '2021-08-18', '367/एए 3/20-21', 'न0नि0', '197903', '3', '18', 'श्रीमती रचना त्रिपाठी', '197903', 'केशव नगर में एम0आई0जी0 101 के पास नाले के उपर क्रास बनाने का कार्य।', 'केशव नगर में एम0आई0जी0 101 के पास नाले के उपर क्रास बनाने का कार्य।', '', '2021-09-07 00:00:00', 0, '2021-09-07', '0000-00-00', 'Admin Office', 'Admin', 'Admin', '', 52, '52', 'pending', '', '', '', '0000-00-00', '', 15, '0000-00-00', '0000-00-00 00:00:00', '', '', NULL, NULL, NULL, NULL, '', '', '', '', '2021-08-18', '2021-2022', '2021-08-18', '2021-08-18', 'Chief Engineer, Department', ''),
(53, 'मा0 पार्षद', '53', '2021-08-19', '366/एए 3/20-21', 'न0नि0', '193226', '3', '18', 'श्रीमती रचना त्रिपाठी', '193226', 'केशव नगर में ईश्वर प्रेम आश्रम के पास नाली व क्रास बनाने का कार्य।', 'केशव नगर में ईश्वर प्रेम आश्रम के पास नाली व क्रास बनाने का कार्य।', '', '2021-09-07 00:00:00', 0, '2021-09-07', '0000-00-00', 'Admin Office', 'Admin', 'Admin', '', 53, '53', 'pending', '', '', '', '0000-00-00', '', 15, '0000-00-00', '0000-00-00 00:00:00', '', '', NULL, NULL, NULL, NULL, '', '', '', '', '2021-08-19', '2021-2022', '2021-08-19', '2021-08-19', 'Chief Engineer, Department', ''),
(54, 'मा0 पार्षद', '54', '2021-08-19', '365/एए 3/20-21', 'न0नि0', '192212', '3', '18', 'श्रीमती रचना त्रिपाठी', '192212', '127/427 व राम मन्दिर के पास क्रास व नाली  का कार्य।', '127/427 व राम मन्दिर के पास क्रास व नाली  का कार्य।', '', '2021-09-07 00:00:00', 0, '2021-09-07', '0000-00-00', 'Admin Office', 'Admin', 'Admin', '', 54, '54', 'pending', '', '', '', '0000-00-00', '', 15, '0000-00-00', '0000-00-00 00:00:00', '', '', NULL, NULL, NULL, NULL, '', '', '', '', '2021-08-19', '2021-2022', '2021-08-19', '2021-08-19', 'Chief Engineer, Department', ''),
(55, 'मा0 पार्षद', '55', '2021-08-19', '364/एए 3/20-21', 'न0नि0', '198295', '3', '18', 'श्रीमती रचना त्रिपाठी', '198295', 'भीम नगर बस्ती में अम्बेडकर मूर्ति के पास इ0 टाइल्स द्वारा निर्माण कार्य।', 'भीम नगर बस्ती में अम्बेडकर मूर्ति के पास इ0 टाइल्स द्वारा निर्माण कार्य।', '', '2021-09-07 00:00:00', 0, '2021-09-07', '0000-00-00', 'Admin Office', 'Admin', 'Admin', '', 55, '55', 'pending', '', '', '', '0000-00-00', '', 15, '0000-00-00', '0000-00-00 00:00:00', '', '', NULL, NULL, NULL, NULL, '', '', '', '', '2021-08-19', '2021-2022', '2021-08-19', '2021-08-19', 'Chief Engineer, Department', ''),
(56, 'मा0 पार्षद', '56', '2021-08-19', '', 'न0नि0', '593818', '3', '38', 'श्री मुकेश', '593818', 'बारादेवी चैराहे के पास अपोलो फार्मेसी से पाण्डेय हार्डवेयर तक साइड पटरी का सुधार कार्य।', 'बारादेवी चैराहे के पास अपोलो फार्मेसी से पाण्डेय हार्डवेयर तक साइड पटरी का सुधार कार्य।', '', '2021-09-07 00:00:00', 0, '2021-09-07', '0000-00-00', 'Admin Office', 'Admin', 'Admin', '', 56, '56', 'pending', '', '', '', '0000-00-00', '', 15, '0000-00-00', '0000-00-00 00:00:00', '', '', NULL, NULL, NULL, NULL, '', '', '', '', '2021-08-19', '2021-2022', '2021-08-19', '2021-08-19', 'Chief Engineer, Department', ''),
(57, 'मा0 पार्षद', '57', '2021-08-18', '362/एए 3/20-21', 'न0नि0', '94644', '3', '18', 'श्रीमती रचना त्रिपाठी', '94644', 'साकेत नगर में 127/427 डबलू 1 के सामने फुटपाथ का सुधार कार्य।', 'साकेत नगर में 127/427 डबलू 1 के सामने फुटपाथ का सुधार कार्य।', '', '2021-09-07 00:00:00', 0, '2021-09-07', '0000-00-00', 'Admin Office', 'Admin', 'Admin', '', 57, '57', 'pending', '', '', '', '0000-00-00', '', 15, '0000-00-00', '0000-00-00 00:00:00', '', '', NULL, NULL, NULL, NULL, '', '', '', '', '2021-08-18', '2021-2022', '2021-08-18', '2021-08-18', 'Chief Engineer, Department', ''),
(58, 'मा0 विधायक महेश त्रिवेदी जी', '58', '2021-08-19', '', 'न0नि0', '167955', '3', '38', 'श्री मुकेश', '167955', 'बारादेवी के ब्लाॅक 127/338 ए4 से 127/338 ए 1 तक गली का सुधार कार्य। ', 'बारादेवी के ब्लाॅक 127/338 ए4 से 127/338 ए 1 तक गली का सुधार कार्य। ', '', '2021-09-07 00:00:00', 0, '2021-09-07', '0000-00-00', 'Admin Office', 'Admin', 'Admin', '', 58, '58', 'pending', '', '', '', '0000-00-00', '', 15, '0000-00-00', '0000-00-00 00:00:00', '', '', NULL, NULL, NULL, NULL, '', '', '', '', '2021-08-19', '2021-2022', '2021-08-19', '2021-08-19', 'Chief Engineer, Department', ''),
(59, 'मा0 पार्षद', '59', '2021-08-18', '326/एए 5/20-21', 'न0नि0', '328653', '5', '9', 'श्रीमती आरती गौतम', '328653', 'बर्रा 8 में म0न0 सी-455 एवं सी0 421 के सामने बने ब्लाॅक में इ0 का कार्य।', 'बर्रा 8 में म0न0 सी-455 एवं सी0 421 के सामने बने ब्लाॅक में इ0 का कार्य।', '', '2021-09-07 00:00:00', 0, '2021-09-07', '0000-00-00', 'Admin Office', 'Admin', 'Admin', '', 59, '59', 'pending', '', '', '', '0000-00-00', '', 15, '0000-00-00', '0000-00-00 00:00:00', '', '', NULL, NULL, NULL, NULL, '', '', '', '', '2021-08-18', '2021-2022', '2021-08-18', '2021-08-18', 'Chief Engineer, Department', ''),
(60, 'मा0 पार्षद', '60', '2021-08-18', '189/एए 6/20-21', 'न0नि0', '993086', '6', '25', 'श्रीमती कविता सिंह', '993086', 'वार्ड 25 नवीन नगर के अन्तर्गत केशव नगर में शेखर पाॅन भण्डार से इन्दल चटटा तक फुटपाथ का सुधार कार्य।', 'वार्ड 25 नवीन नगर के अन्तर्गत केशव नगर में शेखर पाॅन भण्डार से इन्दल चटटा तक फुटपाथ का सुधार कार्य।', '', '2021-09-07 00:00:00', 0, '2021-09-07', '0000-00-00', 'Admin Office', 'Admin', 'Admin', '', 60, '60', 'pending', '', '', '', '0000-00-00', '', 15, '0000-00-00', '0000-00-00 00:00:00', '', '', NULL, NULL, NULL, NULL, '', '', '', '', '2021-08-18', '2021-2022', '2021-08-18', '2021-08-18', 'Chief Engineer, Department', ''),
(61, 'मा0 पार्षद', '61', '2021-08-19', '216/एए 2/21-22', 'न0नि0', '650162', '2', '96', 'श्रीमती जरीना खातून', '650162', 'वार्ड 96 के अन्तर्गत मकदूम नगर में अरविन्द के घर से मखनिया मस्जिद तक सड़क व नाली का सुधार कार्यं', 'वार्ड 96 के अन्तर्गत मकदूम नगर में अरविन्द के घर से मखनिया मस्जिद तक सड़क व नाली का सुधार कार्यं', '', '2021-09-07 00:00:00', 0, '2021-09-07', '0000-00-00', 'Admin Office', 'Admin', 'Admin', '', 61, '61', 'pending', '', '', '', '0000-00-00', '', 15, '0000-00-00', '0000-00-00 00:00:00', '', '', NULL, NULL, NULL, NULL, '', '', '', '', '2021-08-19', '2021-2022', '2021-08-19', '2021-08-19', 'Chief Engineer, Department', ''),
(62, 'मा0 सांसद श्री सत्यदेव पचैरी', '62', '2021-08-19', '247/एए 3/20-21', 'न0नि0', '617292', '3', '92', 'श्री प्रमोद जायसवाल', '617292', 'वार्ड 92 के अन्तर्गत अशोक विहार स्थित 127/28 से 127/13 तक साइड पटरी व नाली का सुधार कार्य।', 'वार्ड 92 के अन्तर्गत अशोक विहार स्थित 127/28 से 127/13 तक साइड पटरी व नाली का सुधार कार्य।', '', '2021-09-07 00:00:00', 0, '2021-09-07', '0000-00-00', 'Admin Office', 'Admin', 'Admin', '', 62, '62', 'pending', '', '', '', '0000-00-00', '', 15, '0000-00-00', '0000-00-00 00:00:00', '', '', NULL, NULL, NULL, NULL, '', '', '', '', '2021-08-19', '2021-2022', '2021-08-19', '2021-08-19', 'Chief Engineer, Department', ''),
(63, 'मा0 पार्षद', '63', '2021-08-19', '83/एए 4/21-22', 'न0नि0', '247969', '4', '75', 'श्री मनोज कुमार पाण्डेय', '247969', 'वार्ड 75 के अन्तर्गत 11/355 से 11/312 बी तक गली व सीसी द्वारा सुधार कार्य।', 'वार्ड 75 के अन्तर्गत 11/355 से 11/312 बी तक गली व सीसी द्वारा सुधार कार्य।', '', '2021-09-07 00:00:00', 0, '2021-09-07', '0000-00-00', 'Admin Office', 'Admin', 'Admin', '', 63, '63', 'pending', '', '', '', '0000-00-00', '', 15, '0000-00-00', '0000-00-00 00:00:00', '', '', NULL, NULL, NULL, NULL, '', '', '', '', '2021-08-19', '2021-2022', '2021-08-19', '2021-08-19', 'Chief Engineer, Department', ''),
(64, 'मा0 पार्षद', '64', '2021-08-19', '277/एए 2/21-22', 'न0नि0', '921601', '2', '58', 'श्री कैलाश चन्द्र पाण्डेय', '921601', 'जी0एन0 सिंह 199/3 से 212/6 तक गली व नाली का सुधार कार्य।', 'जी0एन0 सिंह 199/3 से 212/6 तक गली व नाली का सुधार कार्य।', '', '2021-09-07 00:00:00', 0, '2021-09-07', '0000-00-00', 'Admin Office', 'Admin', 'Admin', '', 64, '64', 'pending', '', '', '', '0000-00-00', '', 15, '0000-00-00', '0000-00-00 00:00:00', '', '', NULL, NULL, NULL, NULL, '', '', '', '', '2021-08-19', '2021-2022', '2021-08-19', '2021-08-19', 'Chief Engineer, Department', ''),
(65, 'मा0 मंत्री द्वारा निर्देशित ', '65', '2021-08-19', '276/एए.2/ 21-22', 'न0नि0', '624050', '2', '58', 'श्री कैलाश चन्द्र पाण्डेय', '624050', 'तिवारीपुर में बारातशाला में पोर्च से मेनगेट तक इण्टरलाॅकिंग लगाने का कार्य', 'तिवारीपुर में बारातशाला में पोर्च से मेनगेट तक इण्टरलाॅकिंग लगाने का कार्य', '', '2021-09-07 00:00:00', 0, '2021-09-07', '0000-00-00', 'Admin Office', 'Admin', 'Admin', '', 65, '65', 'pending', '', '', '', '0000-00-00', '', 15, '0000-00-00', '0000-00-00 00:00:00', '', '', NULL, NULL, NULL, NULL, '', '', '', '', '2021-08-19', '2021-2022', '2021-08-19', '2021-08-19', 'Chief Engineer, Department', ''),
(66, 'मा0 मंत्री द्वारा निर्देशित ', '66', '2021-08-19', '107/एए.2/ 20-21', 'न0नि0', '989609', '2', '63', 'श्री दुर्गा प्रसाद', '989609', 'राजीव नगर में लाला के म0 से बफाती ठेकेदार के मकान होते हुए मा0े कादिर के मकान तक इण्टरलाॅकिंग व पी0सी0सी0 ब्लाक यू-टाइप नाली का निर्माण कार्य।', 'राजीव नगर में लाला के म0 से बफाती ठेकेदार के मकान होते हुए मा0े कादिर के मकान तक इण्टरलाॅकिंग व पी0सी0सी0 ब्लाक यू-टाइप नाली का निर्माण कार्य।', '', '2021-09-07 00:00:00', 0, '2021-09-07', '0000-00-00', 'Admin Office', 'Admin', 'Admin', '', 66, '66', 'pending', '', '', '', '0000-00-00', '', 15, '0000-00-00', '0000-00-00 00:00:00', '', '', NULL, NULL, NULL, NULL, '', '', '', '', '2021-08-19', '2021-2022', '2021-08-19', '2021-08-19', 'Chief Engineer, Department', ''),
(67, 'नगर आयुक्त महोदय द्वारा निर्देशित ', '67', '2021-08-18', '135/एए.6/ 21-22', 'न0नि0', '1386866', '6', '43', 'श्रीमती नेहा यादव', '1386866', 'नवाबगंज के अन्तर्गत आर0बी0आर0डी0 स्कूल की पुरानी बिल्डिंग की मरम्मत का कार्य। (मा0 महापौर जी को स्वीकृतार्थ प्रेषित)', 'नवाबगंज के अन्तर्गत आर0बी0आर0डी0 स्कूल की पुरानी बिल्डिंग की मरम्मत का कार्य। (मा0 महापौर जी को स्वीकृतार्थ प्रेषित)', '', '2021-09-07 00:00:00', 0, '2021-09-07', '0000-00-00', 'Admin Office', 'Admin', 'Admin', '', 67, '67', 'pending', '', '', '', '0000-00-00', '', 15, '0000-00-00', '0000-00-00 00:00:00', '', '', NULL, NULL, NULL, NULL, '', '', '', '', '2021-08-18', '2021-2022', '2021-08-18', '2021-08-18', 'Chief Engineer, Department', ''),
(68, '', '68', '2021-08-19', '436/एए.3/ 20-21', 'न0नि0', '242694', '3', '18', 'श्रीमती रचना त्रिपाठी', '242694', 'साकेत नगर डम्प पर जी0एस0बी0 की आपूर्ति का कार्य।', 'साकेत नगर डम्प पर जी0एस0बी0 की आपूर्ति का कार्य।', '', '2021-09-07 00:00:00', 0, '2021-09-07', '0000-00-00', 'Admin Office', 'Admin', 'Admin', '', 68, '68', 'pending', '', '', '', '0000-00-00', '', 15, '0000-00-00', '0000-00-00 00:00:00', '', '', NULL, NULL, NULL, NULL, '', '', '', '', '2021-08-19', '2021-2022', '2021-08-19', '2021-08-19', 'Chief Engineer, Department', ''),
(69, '', '69', '2021-08-19', '434/एए.3/ 20-21', 'न0नि0', '207521', '3', '18', 'श्रीमती रचना त्रिपाठी', '207521', 'साकेत नगर डम्प पर बने रैन वाटर हार्वेस्टिंग पर आर0सी0सी0 स्लैब व सुधार कार्य। ', 'साकेत नगर डम्प पर बने रैन वाटर हार्वेस्टिंग पर आर0सी0सी0 स्लैब व सुधार कार्य। ', '', '2021-09-07 00:00:00', 0, '2021-09-07', '0000-00-00', 'Admin Office', 'Admin', 'Admin', '', 69, '69', 'pending', '', '', '', '0000-00-00', '', 15, '0000-00-00', '0000-00-00 00:00:00', '', '', NULL, NULL, NULL, NULL, '', '', '', '', '2021-08-19', '2021-2022', '2021-08-19', '2021-08-19', 'Chief Engineer, Department', ''),
(70, '', '70', '2021-08-18', '435/एए.3/ 20-21', 'न0नि0', '291282', '3', '18', 'श्रीमती रचना त्रिपाठी', '291282', 'डबलू-2 जूही कला में म0नं0 127/ 202 से 127/155 तक नाला का सुधार कार्य।', 'डबलू-2 जूही कला में म0नं0 127/ 202 से 127/155 तक नाला का सुधार कार्य।', '', '2021-09-07 00:00:00', 0, '2021-09-07', '0000-00-00', 'Admin Office', 'Admin', 'Admin', '', 70, '70', 'pending', '', '', '', '0000-00-00', '', 15, '0000-00-00', '0000-00-00 00:00:00', '', '', NULL, NULL, NULL, NULL, '', '', '', '', '2021-08-18', '2021-2022', '2021-08-18', '2021-08-18', 'Chief Engineer, Department', ''),
(71, 'मा0 पार्षद    श्री मदन बाबू', '71', '2021-08-18', '107/एस0एल0/जी/सीओएन/21-22', 'न0नि0', '242385.92', '4', '13', 'श्री मदन बाबू', '242385.92', 'पुराना कानपुर स्थित गंगा रोड एवं मस्जिद के चैराहे के पास 01-01 नग इस प्रकार कुल 02 नग टावर पोल मय एल0ई0डी0 फिटिंग लगाने, केबिल डालने, स्विच इत्यादि के कार्य।', 'पुराना कानपुर स्थित गंगा रोड एवं मस्जिद के चैराहे के पास 01-01 नग इस प्रकार कुल 02 नग टावर पोल मय एल0ई0डी0 फिटिंग लगाने, केबिल डालने, स्विच इत्यादि के कार्य।', '', '2021-09-07 00:00:00', 0, '2021-09-07', '0000-00-00', 'Admin Office', 'Admin', 'Admin', '', 71, '71', 'pending', '', '', '', '0000-00-00', '', 15, '0000-00-00', '0000-00-00 00:00:00', '', '', NULL, NULL, NULL, NULL, '', '', '', '', '2021-08-18', '2021-2022', '2021-08-18', '2021-08-18', 'Lighting, Department', ''),
(72, 'मा0 पार्षद    श्री महेन्द्र पाण्डेय', '72', '2021-08-18', '66/एस0एल0/जी/सीओएन/21-22', 'न0नि0', '490963', '6', '40', 'श्री महेन्द्र पाण्डेय (पप्पू)', '490963', 'विष्णुपरी आजाद नगर स्थित मौनी घाट मंदिर के सामने, दुर्गावती स्कूल चैराहे पर, सुनील झाझरिया जी के निवास के पास, अमरूद मण्डी चिड़ियाघर के पास एवं गंगा बैराज रोड के बी0एस0एस0 डी0 कालेज गेट के पास 1-1 नग कुल 05 नग टावर पोल मय एल0ई0डी0 फिटिंग इत्यादि का कार्य।', 'विष्णुपरी आजाद नगर स्थित मौनी घाट मंदिर के सामने, दुर्गावती स्कूल चैराहे पर, सुनील झाझरिया जी के निवास के पास, अमरूद मण्डी चिड़ियाघर के पास एवं गंगा बैराज रोड के बी0एस0एस0 डी0 कालेज गेट के पास 1-1 नग कुल 05 नग टावर पोल मय एल0ई0डी0 फिटिंग इत्यादि का कार्य।', '', '2021-09-07 00:00:00', 0, '2021-09-07', '0000-00-00', 'Admin Office', 'Admin', 'Admin', '', 72, '72', 'pending', '', '', '', '0000-00-00', '', 15, '0000-00-00', '0000-00-00 00:00:00', '', '', NULL, NULL, NULL, NULL, '', '', '', '', '2021-08-18', '2021-2022', '2021-08-18', '2021-08-18', 'Lighting, Department', ''),
(73, 'मा0 पार्षद    श्रीमती अंजू मिश्रा', '73', '2021-08-18', '62/एस0एल0/जी/सीओएन/21-22', 'न0नि0', '491290', '6', '35', 'श्रीमती अंजू मिश्रा', '491290', 'कल्यानपुर उत्तरी स्थित मां आदि शक्ति शिव धाम मन्दिर पार्क, गोपेश्वर पार्क आई0आई0टी0, दुर्गो ट्रेडर्स चैराहा बम्बा रोड, डी0सी0एफ0 भट्ठा तिराहा पुराना शिवली रोड, लिटिल वर्ड स्कूल के सामने पार्क आई0आई0टी0 में 1-1 नग कुल 05 नग 9.5 मी0 लम्बे टावर पोल मय एल0ई0डी0 फिटिंग इत्यादि लगाने का कार्य।', 'कल्यानपुर उत्तरी स्थित मां आदि शक्ति शिव धाम मन्दिर पार्क, गोपेश्वर पार्क आई0आई0टी0, दुर्गो ट्रेडर्स चैराहा बम्बा रोड, डी0सी0एफ0 भट्ठा तिराहा पुराना शिवली रोड, लिटिल वर्ड स्कूल के सामने पार्क आई0आई0टी0 में 1-1 नग कुल 05 नग 9.5 मी0 लम्बे टावर पोल मय एल0ई0डी0 फिटिंग इत्यादि लगाने का कार्य।', '', '2021-09-07 00:00:00', 0, '2021-09-07', '0000-00-00', 'Admin Office', 'Admin', 'Admin', '', 73, '73', 'pending', '', '', '', '0000-00-00', '', 15, '0000-00-00', '0000-00-00 00:00:00', '', '', NULL, NULL, NULL, NULL, '', '', '', '', '2021-08-18', '2021-2022', '2021-08-18', '2021-08-18', 'Lighting, Department', ''),
(74, 'मा0 विधायक  श्री महेश त्रिवेदी', '74', '2021-08-18', '74/एस0एल0/जी/सीओएन/21-22', 'न0नि0', '292943', '5', '77', 'श्रीमती सुधा सचान', '292943', 'विश्वबैंक बर्रा स्थित पर्यावरण उद्यान पार्क में 03 नग 9.5 मी0 लम्बे टावर पोल मय एल0ई0डी0 फिटिंग इत्यादि लगाने का कार्य।', 'विश्वबैंक बर्रा स्थित पर्यावरण उद्यान पार्क में 03 नग 9.5 मी0 लम्बे टावर पोल मय एल0ई0डी0 फिटिंग इत्यादि लगाने का कार्य।', '', '2021-09-07 00:00:00', 0, '2021-09-07', '0000-00-00', 'Admin Office', 'Admin', 'Admin', '', 74, '74', 'pending', '', '', '', '0000-00-00', '', 15, '0000-00-00', '0000-00-00 00:00:00', '', '', NULL, NULL, NULL, NULL, '', '', '', '', '2021-08-18', '2021-2022', '2021-08-18', '2021-08-18', 'Lighting, Department', ''),
(75, '', '75', '2021-8-18', 'डी/1544/सीई (एल)/ 21-22', 'न0नि0', '51334', '5', '77', 'श्रीमती सुधा सचान', '51334', 'महामहिम राष्ट्रपति जी के इन्दिरा नगर आवास पर 03 नग सोलर लाइट लगाकर चालू कराने केे कार्य के व्यय एवं भुगतान की कार्योत्तर स्वीकृति।', 'महामहिम राष्ट्रपति जी के इन्दिरा नगर आवास पर 03 नग सोलर लाइट लगाकर चालू कराने केे कार्य के व्यय एवं भुगतान की कार्योत्तर स्वीकृति।', '', '2021-08-18 00:00:00', 0, '2021-08-18', '2021-08-18', 'Admin Office', 'Admin', 'Admin', 'explaination', 75, '75', 'solved', '', '', '', '0000-00-00', '', 15, '0000-00-00', '0000-00-00 00:00:00', '51334', '0', '2021-08-18', NULL, NULL, NULL, 'Firm Name', '', '', '', '2021-08-18', '2021-2022', '2021-08-18', '2021-08-18', 'Lighting, Department', ''),
(76, 'एन0जी0टी0', '76', '2021-8-19', '260/एए. 2/ 21-22', '15वां वित्त आयोग', '15000000', '2', '74', 'श्री राजीव सेतिया', '15000000', 'वीरेन्द्र स्वरूप चैराहे से हरिहर धाम होते हुए सुजातगंज तक सड़क का सुधार कार्य।', 'वीरेन्द्र स्वरूप चैराहे से हरिहर धाम होते हुए सुजातगंज तक सड़क का सुधार कार्य।', '', '2021-08-19 00:00:00', 0, '2021-08-19', '2021-08-19', 'Admin Office', 'Admin', 'Admin', 'explaination', 76, '76', 'solved', '', '', '', '0000-00-00', '', 15, '0000-00-00', '0000-00-00 00:00:00', '15000000', '0', '2021-08-19', NULL, NULL, NULL, 'Firm Name', '', '', '', '2021-08-19', '2021-2022', '2021-08-19', '2021-08-19', 'Chief Engineer, Department', ''),
(77, 'एन0जी0टी0', '77', '2021-8-19', '262/एए. 2/ 21-22', '15वां वित्त आयोग', '32700000', '', '', '', '32700000', 'जोन-2 के अन्तर्गत एस0टी0पी0 से जाना गांव गौशाला तक सड़क का सुधार कार्य।', 'जोन-2 के अन्तर्गत एस0टी0पी0 से जाना गांव गौशाला तक सड़क का सुधार कार्य।', '', '2021-08-19 00:00:00', 0, '2021-08-19', '2021-08-19', 'Admin Office', 'Admin', 'Admin', 'explaination', 77, '77', 'solved', '', '', '', '0000-00-00', '', 15, '0000-00-00', '0000-00-00 00:00:00', '32700000', '0', '2021-08-19', NULL, NULL, NULL, 'Firm Name', '', '', '', '2021-08-19', '2021-2022', '2021-08-19', '2021-08-19', 'Chief Engineer, Department', '');
INSERT INTO `complain_record` (`sno`, `complainer_name`, `age`, `gender`, `father_name`, `address`, `pincode`, `tehsil`, `block_name`, `village`, `mobile_number`, `subject`, `complain`, `complain_type`, `complain_date`, `forward_count`, `assign_date`, `solved_date`, `department`, `officer_id`, `officer_name`, `explaination`, `cnum`, `complain_number`, `cur_status`, `uploaded_file`, `uploaded_file_bydep`, `comment`, `forward_date`, `come_from`, `max_days_to_solve`, `last_date_to_solve`, `record_update_dateTime`, `nivida_amt`, `nivida_dar`, `tender_approval_date`, `tender_date`, `tender_opening_date`, `tender_closing_date`, `firm_name`, `firm_registration_category`, `firm_registration_validity`, `nivida_file`, `patrawali_date`, `financial_year`, `mahapaura_approval_date`, `nagar_ayukat_approval_date`, `related_department`, `file_type`) VALUES
(78, 'एन0जी0टी0', '78', '2021-8-19', '263/एए. 2/ 21-22', '15वां वित्त आयोग', '12000000', '', '', '', '12000000', 'इलाहाबाद हाईवे से जाना पुलिया तक एच0एम0पी0 द्वारा सड़क सुधार कार्य।', 'इलाहाबाद हाईवे से जाना पुलिया तक एच0एम0पी0 द्वारा सड़क सुधार कार्य।', '', '2021-08-19 00:00:00', 0, '2021-08-19', '2021-08-19', 'Admin Office', 'Admin', 'Admin', 'explaination', 78, '78', 'solved', '', '', '', '0000-00-00', '', 15, '0000-00-00', '0000-00-00 00:00:00', '12000000', '0', '2021-08-19', NULL, NULL, NULL, 'Firm Name', '', '', '', '2021-08-19', '2021-2022', '2021-08-19', '2021-08-19', 'Chief Engineer, Department', ''),
(79, 'नगर आयुक्त महोदय द्वारा निर्देशित ', '79', '2021-08-18', '159/एए.4/ 21-22', 'न0नि0', '261855', '4', '5', 'श्रीमती रीता पासवान', '261855', 'द्वारिकापुरी ढाल स्थित कूड़ाघर के पहंुच मार्ग का सुधार कार्य।', 'द्वारिकापुरी ढाल स्थित कूड़ाघर के पहंुच मार्ग का सुधार कार्य।', '', '2021-09-07 00:00:00', 0, '2021-09-07', '0000-00-00', 'Admin Office', 'Admin', 'Admin', '', 79, '79', 'pending', '', '', '', '0000-00-00', '', 15, '0000-00-00', '0000-00-00 00:00:00', '', '', NULL, NULL, NULL, NULL, '', '', '', '', '2021-08-18', '2021-2022', '2021-08-18', '2021-08-18', 'Chief Engineer, Department', ''),
(80, '', '80', '2021-8-17', '132/एए.4/ 21-22', 'न0नि0', '144695', '4', '61', 'श्री कमल शुक्ल बेबी', '144695', 'स्वरूप नगर घंटाघर में बैरीकेटिंग लगाने एवं साईड पटरी व नाली का सुधार कार्य।', 'स्वरूप नगर घंटाघर में बैरीकेटिंग लगाने एवं साईड पटरी व नाली का सुधार कार्य।', '', '2021-08-17 00:00:00', 0, '2021-08-17', '2021-08-17', 'Admin Office', 'Admin', 'Admin', 'explaination', 80, '80', 'solved', '', '', '', '0000-00-00', '', 15, '0000-00-00', '0000-00-00 00:00:00', '144695', '0', '2021-08-17', NULL, NULL, NULL, 'Firm Name', '', '', '', '2021-08-17', '2021-2022', '2021-08-17', '2021-08-17', 'Chief Engineer, Department', ''),
(81, '', '81', '2021-8-19', '414/एए.2/ 20-21', 'न0नि0', '814353', '2', '28', 'श्रीमती मोहिनी शुक्ला', '814353', 'लाल बंगला में पतंजलि स्टोर से गुरूद्वारा होते हुए राजन गुप्ता के मकान तक इण्टरलाॅकिंग टाइल्स द्वारा नाली व सड़क का सुधार कार्य। (मद परिवर्तन)', 'लाल बंगला में पतंजलि स्टोर से गुरूद्वारा होते हुए राजन गुप्ता के मकान तक इण्टरलाॅकिंग टाइल्स द्वारा नाली व सड़क का सुधार कार्य। (मद परिवर्तन)', '', '2021-08-19 00:00:00', 0, '2021-08-19', '2021-08-19', 'Admin Office', 'Admin', 'Admin', 'explaination', 81, '81', 'solved', '', '', '', '0000-00-00', '', 15, '0000-00-00', '0000-00-00 00:00:00', '814353', '0', '2021-08-19', NULL, NULL, NULL, 'Firm Name', '', '', '', '2021-08-19', '2021-2022', '2021-08-19', '2021-08-19', 'Chief Engineer, Department', ''),
(82, '', '82', '2021-8-19', '415/एए.2/ 20-21', 'न0नि0', '914745', '2', '28', 'श्रीमती मोहिनी शुक्ला', '914745', 'लाल बंगला में पतंजलि स्टोर से गुरूद्वारा होते हुए राजन गुप्ता के मकान तक इण्टरलाॅकिंग टाइल्स द्वारा नाली व सड़क का सुधार कार्य। (मद परिवर्तन)', 'लाल बंगला में पतंजलि स्टोर से गुरूद्वारा होते हुए राजन गुप्ता के मकान तक इण्टरलाॅकिंग टाइल्स द्वारा नाली व सड़क का सुधार कार्य। (मद परिवर्तन)', '', '2021-08-19 00:00:00', 0, '2021-08-19', '2021-08-19', 'Admin Office', 'Admin', 'Admin', 'explaination', 82, '82', 'solved', '', '', '', '0000-00-00', '', 15, '0000-00-00', '0000-00-00 00:00:00', '914745', '0', '2021-08-19', NULL, NULL, NULL, 'Firm Name', '', '', '', '2021-08-19', '2021-2022', '2021-08-19', '2021-08-19', 'Chief Engineer, Department', ''),
(83, 'मा0 पार्षद    श्री जितेन्द्र सचान', '83', '2021-08-18', '101/एस0एल0/जी/सीओएन/21-22', 'न0नि0', '251347', '5', '77', 'श्रीमती सुधा सचान', '251347', 'बर्रा स्थित पीपलेश्वर पार्क एवं कैलाश पार्क में 08 नग 9.00मी0 लम्बे एस0 टी0 पोल मय एल0ई0डी0 फिटिंुग इत्यादि लगाने का कार्य।', 'बर्रा स्थित पीपलेश्वर पार्क एवं कैलाश पार्क में 08 नग 9.00मी0 लम्बे एस0 टी0 पोल मय एल0ई0डी0 फिटिंुग इत्यादि लगाने का कार्य।', '', '2021-09-07 00:00:00', 0, '2021-09-07', '0000-00-00', 'Admin Office', 'Admin', 'Admin', '', 83, '83', 'pending', '', '', '', '0000-00-00', '', 15, '0000-00-00', '0000-00-00 00:00:00', '', '', NULL, NULL, NULL, NULL, '', '', '', '', '2021-08-18', '2021-2022', '2021-08-18', '2021-08-18', 'Lighting, Department', ''),
(84, 'मा0 पार्षद    श्री जितेन्द्र सचान', '84', '2021-08-18', '102/एस0एल0/जी/सीओएन/21-22', 'न0नि0', '251849', '5', '77', 'श्रीमती सुधा सचान', '251849', 'बर्रा स्थित तुलसी पार्क एवं सांई पार्क में कुल 08 नग 9.00मी0 लम्बे एस0टी0 पोल मय एल0ई0डी0 फिटिंग इत्यादि लगाने का कार्य।', 'बर्रा स्थित तुलसी पार्क एवं सांई पार्क में कुल 08 नग 9.00मी0 लम्बे एस0टी0 पोल मय एल0ई0डी0 फिटिंग इत्यादि लगाने का कार्य।', '', '2021-09-07 00:00:00', 0, '2021-09-07', '0000-00-00', 'Admin Office', 'Admin', 'Admin', '', 84, '84', 'pending', '', '', '', '0000-00-00', '', 15, '0000-00-00', '0000-00-00 00:00:00', '', '', NULL, NULL, NULL, NULL, '', '', '', '', '2021-08-18', '2021-2022', '2021-08-18', '2021-08-18', 'Lighting, Department', ''),
(85, 'मा0 पार्षद    श्री सौरभ देव ', '85', '2021-08-18', '108/एस0एल0/जी/सीओएन/21-22', 'न0नि0', '477969', '4', '15', 'श्री सौरभ देव', '477969', 'मैकराबर्टगंज स्थित 9/50 माली क्वाटर पुरानी गुलाब वाटिका, लाॅन नं0 1 बृजेन्द्र स्वरूप पार्क में 02 नग, पालिका स्टेडियम गेट के सामने एवं फारसी बगीचा में 1-1 नग कुल 05 नग 9.5 मी0 लम्बे टावर पोल मय एल0ई0डी0 फिटिंग इत्यादि लगाने का कार्य।', 'मैकराबर्टगंज स्थित 9/50 माली क्वाटर पुरानी गुलाब वाटिका, लाॅन नं0 1 बृजेन्द्र स्वरूप पार्क में 02 नग, पालिका स्टेडियम गेट के सामने एवं फारसी बगीचा में 1-1 नग कुल 05 नग 9.5 मी0 लम्बे टावर पोल मय एल0ई0डी0 फिटिंग इत्यादि लगाने का कार्य।', '', '2021-09-07 00:00:00', 0, '2021-09-07', '0000-00-00', 'Admin Office', 'Admin', 'Admin', '', 85, '85', 'pending', '', '', '', '0000-00-00', '', 15, '0000-00-00', '0000-00-00 00:00:00', '', '', NULL, NULL, NULL, NULL, '', '', '', '', '2021-08-18', '2021-2022', '2021-08-18', '2021-08-18', 'Lighting, Department', ''),
(86, 'मा0 पार्षद    श्री गिरीश चन्द्र', '86', '2021-08-18', '110/एस0एल0/जी/सीओएन/21-22', 'न0नि0', '490309', '5', '7', 'श्री गिरीश चन्द्र', '490309', 'निराला नगर स्थित बैंक आॅफ बड़ौदा के सामने शिव नगर केन्द्रांचल के सामने, निराला नगर जलकल पानी टंकी के पास, काठ के पुल के पास कैनाल पटरी की ओर, विद्युत कालोनी के पास में 1-1 नग कुल 05 नग 9.5मी0 लम्बे टावर पोल मय एल0ई0डी0 फिटिंग इत्यादि लगाने का कार्य।', 'निराला नगर स्थित बैंक आॅफ बड़ौदा के सामने शिव नगर केन्द्रांचल के सामने, निराला नगर जलकल पानी टंकी के पास, काठ के पुल के पास कैनाल पटरी की ओर, विद्युत कालोनी के पास में 1-1 नग कुल 05 नग 9.5मी0 लम्बे टावर पोल मय एल0ई0डी0 फिटिंग इत्यादि लगाने का कार्य।', '', '2021-09-07 00:00:00', 0, '2021-09-07', '0000-00-00', 'Admin Office', 'Admin', 'Admin', '', 86, '86', 'pending', '', '', '', '0000-00-00', '', 15, '0000-00-00', '0000-00-00 00:00:00', '', '', NULL, NULL, NULL, NULL, '', '', '', '', '2021-08-18', '2021-2022', '2021-08-18', '2021-08-18', 'Lighting, Department', ''),
(87, 'मा0 पार्षद कु0 कीर्ति अग्निहोत्री', '87', '2021-08-18', '113/एस0एल0/जी/सीओएन/21-22', 'न0नि0', '287822', '4', '42', 'कु0 कीर्ति अग्निहोत्री', '287822', 'परमट स्थित बाबा आनन्देश्वर मन्दिर रोड में कुल 07 नग 9.00 मी0 लम्बे एस0टी0 पोल मय एल0ई0डी0 फिटिंग इत्यादि लगाने का कार्य।', 'परमट स्थित बाबा आनन्देश्वर मन्दिर रोड में कुल 07 नग 9.00 मी0 लम्बे एस0टी0 पोल मय एल0ई0डी0 फिटिंग इत्यादि लगाने का कार्य।', '', '2021-09-07 00:00:00', 0, '2021-09-07', '0000-00-00', 'Admin Office', 'Admin', 'Admin', '', 87, '87', 'pending', '', '', '', '0000-00-00', '', 15, '0000-00-00', '0000-00-00 00:00:00', '', '', NULL, NULL, NULL, NULL, '', '', '', '', '2021-08-18', '2021-2022', '2021-08-18', '2021-08-18', 'Lighting, Department', ''),
(88, '', '88', '2021-08-18', '99/एस0एल0/जी/सीओएन/21-22', 'न0नि0', '547191.68', '', '', '', '547191.68', 'झकरकटी बस स्टेशन में 01 नग 9.50 मीटर टावर पोल, 06 नग 9.00 मीटर एस0टी0 पोल एवं 04 नग पोलों की रिमूूवल एवं रिफिक्सिंग, केबिल डालने, स्विच लगाने इत्यादि के कार्य।', 'झकरकटी बस स्टेशन में 01 नग 9.50 मीटर टावर पोल, 06 नग 9.00 मीटर एस0टी0 पोल एवं 04 नग पोलों की रिमूूवल एवं रिफिक्सिंग, केबिल डालने, स्विच लगाने इत्यादि के कार्य।', '', '2021-09-07 00:00:00', 0, '2021-09-07', '0000-00-00', 'Admin Office', 'Admin', 'Admin', '', 88, '88', 'pending', '', '', '', '0000-00-00', '', 15, '0000-00-00', '0000-00-00 00:00:00', '', '', NULL, NULL, NULL, NULL, '', '', '', '', '2021-08-18', '2021-2022', '2021-08-18', '2021-08-18', 'Lighting, Department', ''),
(89, 'मा0 विधायक  श्री सत्यदेव पचैरी', '89', '2021-08-18', '112/एस0एल0/जी/सीओएन/21-22', 'न0नि0', '311734', '4', '15', 'श्री सौरभ देव', '311734', 'क्रिश्चियन कब्रिस्तान में कुल 03 नग 9.5 मी0 लम्बे टावर पोल मय एल0ई0डी0 फिटिंग इत्यादि लगाने का कार्य।', 'क्रिश्चियन कब्रिस्तान में कुल 03 नग 9.5 मी0 लम्बे टावर पोल मय एल0ई0डी0 फिटिंग इत्यादि लगाने का कार्य।', '', '2021-09-07 00:00:00', 0, '2021-09-07', '0000-00-00', 'Admin Office', 'Admin', 'Admin', '', 89, '89', 'pending', '', '', '', '0000-00-00', '', 15, '0000-00-00', '0000-00-00 00:00:00', '', '', NULL, NULL, NULL, NULL, '', '', '', '', '2021-08-18', '2021-2022', '2021-08-18', '2021-08-18', 'Lighting, Department', ''),
(90, 'मा0 पार्षद   सुश्री विधि राजपाल', '90', '--', '22/उद्यान अधी0/20-21', 'न0नि0', '481627', '5', '34', 'कु0 विधि राजपाल', '481627', 'रतनलाल नगर के अन्तर्गत बर्रा-7 म0नं0 127एस/5 के सामने स्थित पार्क का सुधार कार्य।', 'रतनलाल नगर के अन्तर्गत बर्रा-7 म0नं0 127एस/5 के सामने स्थित पार्क का सुधार कार्य।', '', '0000-00-00 00:00:00', 0, '0000-00-00', '0000-00-00', 'Admin Office', 'Admin', 'Admin', 'explaination', 90, '90', 'solved', '', '', '', '0000-00-00', '', 15, '0000-00-00', '0000-00-00 00:00:00', '481627', '0', NULL, NULL, NULL, NULL, 'Firm Name', '', '', '', NULL, '2021-2022', NULL, NULL, 'Udhyan, Department', ''),
(91, '', '91', '--', '58/एए.2/ 20-21', 'न0नि0', '771940', '2', '12', 'श्री अजीत', '771940', 'जाना गांव में श्री राम कुमार निषाद से प्र्राथमिक पाठशाला होते हुए श्री प्रमोद गुप्ता और श्री जगदीश सोनवानी के घर तक इण्टरलाॅकिंग द्वारा सड़क व नाली का सुधार कार्य', 'जाना गांव में श्री राम कुमार निषाद से प्र्राथमिक पाठशाला होते हुए श्री प्रमोद गुप्ता और श्री जगदीश सोनवानी के घर तक इण्टरलाॅकिंग द्वारा सड़क व नाली का सुधार कार्य', '', '0000-00-00 00:00:00', 0, '0000-00-00', '0000-00-00', 'Admin Office', 'Admin', 'Admin', 'explaination', 91, '91', 'solved', '', '', '', '0000-00-00', '', 15, '0000-00-00', '0000-00-00 00:00:00', '771940', '0', NULL, NULL, NULL, NULL, 'Firm Name', '', '', '', NULL, '2021-2022', NULL, NULL, 'Chief Engineer, Department', ''),
(92, '', '92', '--', '312/एए.4/20-21', 'न0नि0', '592101', '4', '13', 'श्री मदन बाबू', '592101', 'पुराना कानपुर के अन्तर्गत भैरवघाट तिराहा से भैरवघाट चैराहा तक पैच द्वारा सड़क सुधार कार्य।', 'पुराना कानपुर के अन्तर्गत भैरवघाट तिराहा से भैरवघाट चैराहा तक पैच द्वारा सड़क सुधार कार्य।', '', '0000-00-00 00:00:00', 0, '0000-00-00', '0000-00-00', 'Admin Office', 'Admin', 'Admin', 'explaination', 92, '92', 'solved', '', '', '', '0000-00-00', '', 15, '0000-00-00', '0000-00-00 00:00:00', '592101', '0', NULL, NULL, NULL, NULL, 'Firm Name', '', '', '', NULL, '2021-2022', NULL, NULL, 'Chief Engineer, Department', ''),
(93, '', '93', '--', '71/एए.5/21-22', 'न0नि0', '577703', '5', '57', 'श्रीमती सोनी सिंह', '577703', 'गौ अभ्यारण केेन्द्र ग्रीनबेल्ट-1 में केयर टेकर रूम का निर्माण कार्य।', 'गौ अभ्यारण केेन्द्र ग्रीनबेल्ट-1 में केयर टेकर रूम का निर्माण कार्य।', '', '0000-00-00 00:00:00', 0, '0000-00-00', '0000-00-00', 'Admin Office', 'Admin', 'Admin', 'explaination', 93, '93', 'solved', '', '', '', '0000-00-00', '', 15, '0000-00-00', '0000-00-00 00:00:00', '577703', '0', NULL, NULL, NULL, NULL, 'Firm Name', '', '', '', NULL, '2021-2022', NULL, NULL, 'Chief Engineer, Department', ''),
(94, 'मा0 पार्षद    श्री जितेन्द्र गांधी कुशवाहा', '94', '--', '443/एए.6/20-21', 'न0नि0', '259930', '6', '60', 'श्री जितेन्द्र', '259930', 'रावतपुर के अन्तर्गत रामलला टैम्पो स्टैण्ड से रामलला के पीछे गेट तक रामनवमी शोभा यात्रा मार्ग पर हाॅट मिक्स प्लान्ट द्वारा पैच मरम्मत का कार्य।', 'रावतपुर के अन्तर्गत रामलला टैम्पो स्टैण्ड से रामलला के पीछे गेट तक रामनवमी शोभा यात्रा मार्ग पर हाॅट मिक्स प्लान्ट द्वारा पैच मरम्मत का कार्य।', '', '0000-00-00 00:00:00', 0, '0000-00-00', '0000-00-00', 'Admin Office', 'Admin', 'Admin', 'explaination', 94, '94', 'solved', '', '', '', '0000-00-00', '', 15, '0000-00-00', '0000-00-00 00:00:00', '259930', '0', NULL, NULL, NULL, NULL, 'Firm Name', '', '', '', NULL, '2021-2022', NULL, NULL, 'Chief Engineer, Department', ''),
(95, '', '95', '2021-08-21', '305/एए.2/21-22', 'न0नि0', '592220', '', '', '', '592220', 'जोन-2 के अन्तर्गत वर्षा से क्षतिग्रस्त सड़कों की मरम्मत हेत जाजमऊ डम्प एवं श्याम नगर डम्प में जी0एस0बी0 सप्लाई का कार्य। ', 'जोन-2 के अन्तर्गत वर्षा से क्षतिग्रस्त सड़कों की मरम्मत हेत जाजमऊ डम्प एवं श्याम नगर डम्प में जी0एस0बी0 सप्लाई का कार्य। ', '', '2021-09-07 00:00:00', 0, '2021-09-07', '0000-00-00', 'Admin Office', 'Admin', 'Admin', '', 95, '95', 'pending', '', '', '', '0000-00-00', '', 15, '0000-00-00', '0000-00-00 00:00:00', '', '', NULL, NULL, NULL, NULL, '', '', '', '', '2021-08-21', '2021-2022', '2021-08-21', '2021-08-21', 'Chief Engineer, Department', ''),
(96, '', '96', '2021-08-21', '315/एए.2/21-22', 'न0नि0', '1108350', '', '', '', '1108350', 'गज्जूपुरवा में स्थित कूड़े अड्डे का सुधार कार्य। (मा0 महापौैर जी को स्वीकृतार्थ प्रेषित)', 'गज्जूपुरवा में स्थित कूड़े अड्डे का सुधार कार्य। (मा0 महापौैर जी को स्वीकृतार्थ प्रेषित)', '', '2021-09-07 00:00:00', 0, '2021-09-07', '0000-00-00', 'Admin Office', 'Admin', 'Admin', '', 96, '96', 'pending', '', '', '', '0000-00-00', '', 15, '0000-00-00', '0000-00-00 00:00:00', '', '', NULL, NULL, NULL, NULL, '', '', '', '', '2021-08-21', '2021-2022', '2021-08-21', '2021-08-21', 'Chief Engineer, Department', ''),
(97, '', '97', '2021-08-21', '304/एए.2/21-22', 'न0नि0', '565816', '2', '12', 'श्री अजीत', '565816', 'मवईयापुरवा में श्री रजय पाल, श्री पप्पू के घर से श्री शंकर के घर से नहर की पुलिया तक इण्टरलाॅकिंग टाईल्स द्वारा सड़क एवं पुलिया का सुधार कार्य।', 'मवईयापुरवा में श्री रजय पाल, श्री पप्पू के घर से श्री शंकर के घर से नहर की पुलिया तक इण्टरलाॅकिंग टाईल्स द्वारा सड़क एवं पुलिया का सुधार कार्य।', '', '2021-09-07 00:00:00', 0, '2021-09-07', '0000-00-00', 'Admin Office', 'Admin', 'Admin', '', 97, '97', 'pending', '', '', '', '0000-00-00', '', 15, '0000-00-00', '0000-00-00 00:00:00', '', '', NULL, NULL, NULL, NULL, '', '', '', '', '2021-08-21', '2021-2022', '2021-08-21', '2021-08-21', 'Chief Engineer, Department', ''),
(98, 'मा0 पार्षद    कु0 कीर्ति अग्निहोत्री', '98', '2021-08-21', '57/एए.4/21-22', 'न0नि0', '808314', '4', '42', 'कु0 कीर्ति अग्निहोत्री', '808314', 'परमट के अन्तर्गत म0नं0 13/107 से प्राइमरी स्कूल तक एवं श्री सुरेश अवस्थी के मकान से 13/107 तक दोनों ओर फुटपाथ का सुधार कार्य।', 'परमट के अन्तर्गत म0नं0 13/107 से प्राइमरी स्कूल तक एवं श्री सुरेश अवस्थी के मकान से 13/107 तक दोनों ओर फुटपाथ का सुधार कार्य।', '', '2021-09-07 00:00:00', 0, '2021-09-07', '0000-00-00', 'Admin Office', 'Admin', 'Admin', '', 98, '98', 'pending', '', '', '', '0000-00-00', '', 15, '0000-00-00', '0000-00-00 00:00:00', '', '', NULL, NULL, NULL, NULL, '', '', '', '', '2021-08-21', '2021-2022', '2021-08-21', '2021-08-21', 'Chief Engineer, Department', ''),
(99, '', '99', '2021-08-21', '241/एए.5/21-22', 'न0नि0', '230008', '5', '67', 'श्रीमती दीपा', '230008', 'बर्रा पश्चिम हरी मस्जिद बर्रा-6 में कूड़ा अड्डा बनाये जाने का कार्य।', 'बर्रा पश्चिम हरी मस्जिद बर्रा-6 में कूड़ा अड्डा बनाये जाने का कार्य।', '', '2021-09-07 00:00:00', 0, '2021-09-07', '0000-00-00', 'Admin Office', 'Admin', 'Admin', '', 99, '99', 'pending', '', '', '', '0000-00-00', '', 15, '0000-00-00', '0000-00-00 00:00:00', '', '', NULL, NULL, NULL, NULL, '', '', '', '', '2021-08-21', '2021-2022', '2021-08-21', '2021-08-21', 'Chief Engineer, Department', ''),
(100, '', '100', '2021-08-21', '234/एए.5/21-22', 'न0नि0', '751782', '5', '9', 'श्रीमती आरती गौतम', '751782', 'तात्याटोपे नगर में हरमोहन स्कूल बालाजी ट्रेडर्स के पास कूड़ा अड्डा बनाये जाने का कार्य।', 'तात्याटोपे नगर में हरमोहन स्कूल बालाजी ट्रेडर्स के पास कूड़ा अड्डा बनाये जाने का कार्य।', '', '2021-09-07 00:00:00', 0, '2021-09-07', '0000-00-00', 'Admin Office', 'Admin', 'Admin', '', 100, '100', 'pending', '', '', '', '0000-00-00', '', 15, '0000-00-00', '0000-00-00 00:00:00', '', '', NULL, NULL, NULL, NULL, '', '', '', '', '2021-08-21', '2021-2022', '2021-08-21', '2021-08-21', 'Chief Engineer, Department', ''),
(101, '', '101', '2021-08-21', '238/एए.5/21-22', 'न0नि0', '218677', '5', '72', 'श्री जय प्रकाश पाल', '218677', 'इण्डस्ट्रियल एरिया साइड-5 में कूड़ा अड्डा बनाये जाने का कार्य।', 'इण्डस्ट्रियल एरिया साइड-5 में कूड़ा अड्डा बनाये जाने का कार्य।', '', '2021-09-07 00:00:00', 0, '2021-09-07', '0000-00-00', 'Admin Office', 'Admin', 'Admin', '', 101, '101', 'pending', '', '', '', '0000-00-00', '', 15, '0000-00-00', '0000-00-00 00:00:00', '', '', NULL, NULL, NULL, NULL, '', '', '', '', '2021-08-21', '2021-2022', '2021-08-21', '2021-08-21', 'Chief Engineer, Department', ''),
(102, '', '102', '2021-08-24', '249/एए.5/21-22', 'न0नि0', '390793', '5', '57', 'श्रीमती सोनी सिंह', '390793', 'पनकी कटरा में अद्यितीय शिव मन्दिर के पास इण्टरलाॅकिंग का कार्य।', 'पनकी कटरा में अद्यितीय शिव मन्दिर के पास इण्टरलाॅकिंग का कार्य।', '', '2021-09-07 00:00:00', 0, '2021-09-07', '0000-00-00', 'Admin Office', 'Admin', 'Admin', '', 102, '102', 'pending', '', '', '', '0000-00-00', '', 15, '0000-00-00', '0000-00-00 00:00:00', '', '', NULL, NULL, NULL, NULL, '', '', '', '', '2021-08-24', '2021-2022', '2021-08-24', '2021-08-24', 'Chief Engineer, Department', ''),
(103, '', '103', '2021-08-21', '66/उ0अधी0/ 20-21', 'न0नि0', '447205', '5', '34', 'कु0 विधि राजपाल', '447205', 'रतनलाल नगर स्थित महिला जागृति पार्क की मरम्मत एवं रंगाई-पुताई का कार्य।', 'रतनलाल नगर स्थित महिला जागृति पार्क की मरम्मत एवं रंगाई-पुताई का कार्य।', '', '2021-09-07 00:00:00', 0, '2021-09-07', '0000-00-00', 'Admin Office', 'Admin', 'Admin', '', 103, '103', 'pending', '', '', '', '0000-00-00', '', 15, '0000-00-00', '0000-00-00 00:00:00', '', '', NULL, NULL, NULL, NULL, '', '', '', '', '2021-08-21', '2021-2022', '2021-08-21', '2021-08-21', 'Udhyan, Department', ''),
(104, '', '104', '2021-08-21', '112/एस0एल0/जी/सीओएन/21-22', 'न0नि0', '292289', '4', '5', 'श्रीमती रीता पासवान', '292289', 'जवाहर नगर स्थित गीता पार्क व अन्य स्ािलों में 1-1 नग कुल 03 नग 9.5मी0 लम्बे टावर पोल मय एल0ई0डी0 फिटिंग स्विच इत्यादि लगाने का कार्य।', 'जवाहर नगर स्थित गीता पार्क व अन्य स्ािलों में 1-1 नग कुल 03 नग 9.5मी0 लम्बे टावर पोल मय एल0ई0डी0 फिटिंग स्विच इत्यादि लगाने का कार्य।', '', '2021-09-07 00:00:00', 0, '2021-09-07', '0000-00-00', 'Admin Office', 'Admin', 'Admin', '', 104, '104', 'pending', '', '', '', '0000-00-00', '', 15, '0000-00-00', '0000-00-00 00:00:00', '', '', NULL, NULL, NULL, NULL, '', '', '', '', '2021-08-21', '2021-2022', '2021-08-21', '2021-08-21', 'Lighting, Department', ''),
(105, '', '105', '2021-8-25', '43/एस0एल0/जी/सीओएन/21-22', 'न0नि0', '195663', '6', '33', 'श्री घनश्याम गुप्ता', '195663', 'विजय नगर स्थित चिल्ड्रेन पार्क के समरसेबल में केबिल डालने एवं 04 नग 9.00मी0 लम्बे क्षतिग्रस्त पोलों को हटाकर पुनः स्ािापित कराकर केबिल, स्विच इत्यादि लगाने का कार्य।', 'विजय नगर स्थित चिल्ड्रेन पार्क के समरसेबल में केबिल डालने एवं 04 नग 9.00मी0 लम्बे क्षतिग्रस्त पोलों को हटाकर पुनः स्ािापित कराकर केबिल, स्विच इत्यादि लगाने का कार्य।', '', '2021-08-25 00:00:00', 0, '2021-08-25', '2021-08-25', 'Admin Office', 'Admin', 'Admin', 'explaination', 105, '105', 'solved', '', '', '', '0000-00-00', '', 15, '0000-00-00', '0000-00-00 00:00:00', '195663', '0', '2021-08-25', NULL, NULL, NULL, 'Firm Name', '', '', '', '2021-08-25', '2021-2022', '2021-08-25', '2021-08-25', 'Lighting, Department', ''),
(106, 'मा0 पार्षद    श्री अर्पित यादव', '106', '2021-8-25', '55/एस0एल0/जी/सीओएन/21-22', 'न0नि0', '689588', '5', '45', 'श्री अर्पित यादव', '689588', 'बर्रा विश्व बैंक स्थित गुलाब वाटिका पार्क में कुल 35 नग 9.00 मी0 लम्बे एस0टी0 पोल मय सिंगल आर्म ब्रेकेट, स्विच इत्यादि लगाने का कार्य।', 'बर्रा विश्व बैंक स्थित गुलाब वाटिका पार्क में कुल 35 नग 9.00 मी0 लम्बे एस0टी0 पोल मय सिंगल आर्म ब्रेकेट, स्विच इत्यादि लगाने का कार्य।', '', '2021-08-25 00:00:00', 0, '2021-08-25', '2021-08-25', 'Admin Office', 'Admin', 'Admin', 'explaination', 106, '106', 'solved', '', '', '', '0000-00-00', '', 15, '0000-00-00', '0000-00-00 00:00:00', '689588', '0', '2021-08-25', NULL, NULL, NULL, 'Firm Name', '', '', '', '2021-08-25', '2021-2022', '2021-08-25', '2021-08-25', 'Lighting, Department', ''),
(107, 'मा0 विधायक  श्री महेश त्रिवेदी', '107', '2021-08-25', '34/एस0एल0/जी/सीओएन/21-22', 'न0नि0', '409557', '3', '18', 'श्रीमती रचना त्रिपाठी', '409557', 'साकेत पार्क में 15 नग 9.00 मी0 लम्बे एस0टी0 पोल इत्यादि लगाने का कार्य।', 'साकेत पार्क में 15 नग 9.00 मी0 लम्बे एस0टी0 पोल इत्यादि लगाने का कार्य।', '', '2021-09-07 00:00:00', 0, '2021-09-07', '0000-00-00', 'Admin Office', 'Admin', 'Admin', '', 107, '107', 'pending', '', '', '', '0000-00-00', '', 15, '0000-00-00', '0000-00-00 00:00:00', '', '', NULL, NULL, NULL, NULL, '', '', '', '', '2021-08-25', '2021-2022', '2021-08-25', '2021-08-25', 'Lighting, Department', ''),
(108, 'मा0 पार्षद    श्री अर्पित यादव', '108', '2021-08-25', '77/एस0एल0/जी/सीओएन/21-22', 'न0नि0', '478798', '5', '45', 'श्री अर्पित यादव', '478798', 'बर्रा विश्व बैंक स्थित बर्रा थाना रोड पर कुल 20 नग 9.00 मी0 लम्बे एस0टी0 पोल मय सिंगल आर्म ब्रेकेट, स्विच इत्यादि लगाने का कार्य।', 'बर्रा विश्व बैंक स्थित बर्रा थाना रोड पर कुल 20 नग 9.00 मी0 लम्बे एस0टी0 पोल मय सिंगल आर्म ब्रेकेट, स्विच इत्यादि लगाने का कार्य।', '', '2021-09-07 00:00:00', 0, '2021-09-07', '0000-00-00', 'Admin Office', 'Admin', 'Admin', '', 108, '108', 'pending', '', '', '', '0000-00-00', '', 15, '0000-00-00', '0000-00-00 00:00:00', '', '', NULL, NULL, NULL, NULL, '', '', '', '', '2021-08-25', '2021-2022', '2021-08-25', '2021-08-25', 'Lighting, Department', ''),
(109, 'मा0 पार्षद    श्री राशिद आरफी', '109', '2021-08-25', '253/एए.1/ 20-21', 'न0नि0', '922782', '1', '83', 'श्री रशीद आरफी', '922782', 'हाजी इब्राहिम का हाता 89/242 की आंतरिक गलियों का सुधार व जल निकासी का कार्यं', 'हाजी इब्राहिम का हाता 89/242 की आंतरिक गलियों का सुधार व जल निकासी का कार्यं', '', '2021-09-07 00:00:00', 0, '2021-09-07', '0000-00-00', 'Admin Office', 'Admin', 'Admin', '', 109, '109', 'pending', '', '', '', '0000-00-00', '', 15, '0000-00-00', '0000-00-00 00:00:00', '', '', NULL, NULL, NULL, NULL, '', '', '', '', '2021-08-25', '2021-2022', '2021-08-25', '2021-08-25', 'Chief Engineer, Department', ''),
(110, 'मा0 मंत्री     श्री सतीश महाना', '110', '2021-08-25', '372/एए.2/ 21-22', 'न0नि0', '902317', '2', '58', 'श्री कैलाश चन्द्र पाण्डेय', '902317', 'तिवारीपुर में बारातशाला के प्रथम तल में रंगाई-पुताई एवं मरम्मत का कार्य।', 'तिवारीपुर में बारातशाला के प्रथम तल में रंगाई-पुताई एवं मरम्मत का कार्य।', '', '2021-09-07 00:00:00', 0, '2021-09-07', '0000-00-00', 'Admin Office', 'Admin', 'Admin', '', 110, '110', 'pending', '', '', '', '0000-00-00', '', 15, '0000-00-00', '0000-00-00 00:00:00', '', '', NULL, NULL, NULL, NULL, '', '', '', '', '2021-08-25', '2021-2022', '2021-08-25', '2021-08-25', 'Chief Engineer, Department', ''),
(111, 'मा0 मंत्री     श्री सतीश महाना', '111', '2021-08-25', '373/एए.2/ 21-22', 'न0नि0', '928079', '2', '58', 'श्री कैलाश चन्द्र पाण्डेय', '928079', 'तिवारीपुर में स्थ्ति बारातशाला के अन्दर बाउन्ड्रीवाल के किनारे रेज फुटपाथ पर इण्टरलाॅकिंग लगाने का कार्य। ', 'तिवारीपुर में स्थ्ति बारातशाला के अन्दर बाउन्ड्रीवाल के किनारे रेज फुटपाथ पर इण्टरलाॅकिंग लगाने का कार्य। ', '', '2021-09-07 00:00:00', 0, '2021-09-07', '0000-00-00', 'Admin Office', 'Admin', 'Admin', '', 111, '111', 'pending', '', '', '', '0000-00-00', '', 15, '0000-00-00', '0000-00-00 00:00:00', '', '', NULL, NULL, NULL, NULL, '', '', '', '', '2021-08-25', '2021-2022', '2021-08-25', '2021-08-25', 'Chief Engineer, Department', ''),
(112, 'मा0 मंत्री     श्री सतीश महाना', '112', '2021-08-25', '306/एए.2/ 21-22', 'न0नि0', '940455', '3', '21', 'श्रीमती मधु मिश्रा', '940455', 'योगेन्द्र विहार खाड़ेपुर में अतुल शर्मा के मकान से रामचन्द्र वर्मा के मकान तक नाली, इण्टरलाॅकिंग एवं सड़क का सुधार कार्य।', 'योगेन्द्र विहार खाड़ेपुर में अतुल शर्मा के मकान से रामचन्द्र वर्मा के मकान तक नाली, इण्टरलाॅकिंग एवं सड़क का सुधार कार्य।', '', '2021-09-07 00:00:00', 0, '2021-09-07', '0000-00-00', 'Admin Office', 'Admin', 'Admin', '', 112, '112', 'pending', '', '', '', '0000-00-00', '', 15, '0000-00-00', '0000-00-00 00:00:00', '', '', NULL, NULL, NULL, NULL, '', '', '', '', '2021-08-25', '2021-2022', '2021-08-25', '2021-08-25', 'Chief Engineer, Department', ''),
(113, 'मा0 पार्षद     श्री प्रमोद जायसवाल', '113', '2021-08-25', '149/एए.3/ 21-22', 'न0नि0', '363531', '3', '92', 'श्री प्रमोद जायसवाल', '363531', 'विराट नगर में सी0ओ0डी0 नालों के बगल में इण्टरलाॅकिंग द्वारा सड़क सुधार कार्य।', 'विराट नगर में सी0ओ0डी0 नालों के बगल में इण्टरलाॅकिंग द्वारा सड़क सुधार कार्य।', '', '2021-09-07 00:00:00', 0, '2021-09-07', '0000-00-00', 'Admin Office', 'Admin', 'Admin', '', 113, '113', 'pending', '', '', '', '0000-00-00', '', 15, '0000-00-00', '0000-00-00 00:00:00', '', '', NULL, NULL, NULL, NULL, '', '', '', '', '2021-08-25', '2021-2022', '2021-08-25', '2021-08-25', 'Chief Engineer, Department', ''),
(114, 'मा0 पार्षद   श्रीमती सुधा जितेन्द्र सचान', '114', '2021-08-26', '15/उद्यान/ 21-22', 'न0नि0', '330674', '5', '77', 'श्रीमती सुधा सचान', '330674', 'विश्वबैंक बर्रा स्थित शिवाजी पार्क में शिवा जी की मूर्ति पर छतरी निर्माण एवं पार्क सुधार का कार्य। ', 'विश्वबैंक बर्रा स्थित शिवाजी पार्क में शिवा जी की मूर्ति पर छतरी निर्माण एवं पार्क सुधार का कार्य। ', '', '2021-09-07 00:00:00', 0, '2021-09-07', '0000-00-00', 'Admin Office', 'Admin', 'Admin', '', 114, '114', 'pending', '', '', '', '0000-00-00', '', 15, '0000-00-00', '0000-00-00 00:00:00', '', '', NULL, NULL, NULL, NULL, '', '', '', '', '2021-08-26', '2021-2022', '2021-08-26', '2021-08-26', 'Udhyan, Department', ''),
(115, 'मा0 पार्षद    श्री राशिद आरफी ', '115', '2021-08-26', '133/उद्यान/ 20-21', 'न0नि0', '573923', '1', '83', 'श्री रशीद आरफी', '573923', 'दलेलपुरवा स्थित गुरबतउल्लाह पार्क का सुधार कार्य।', 'दलेलपुरवा स्थित गुरबतउल्लाह पार्क का सुधार कार्य।', '', '2021-09-07 00:00:00', 0, '2021-09-07', '0000-00-00', 'Admin Office', 'Admin', 'Admin', '', 115, '115', 'pending', '', '', '', '0000-00-00', '', 15, '0000-00-00', '0000-00-00 00:00:00', '', '', NULL, NULL, NULL, NULL, '', '', '', '', '2021-08-26', '2021-2022', '2021-08-26', '2021-08-26', 'Udhyan, Department', ''),
(116, 'मा0 पार्षद   श्रीमती दीपा द्विवेदी', '116', '2021-08-26', '37/उद्यान/ 21-22', 'न0नि0', '257309', '5', '67', 'श्रीमती दीपा', '257309', 'बर्रा के अन्तर्गत म0नं0 630 के सामने स्थित पार्क, महादेव चैक व बरगदेश्वर पार्क में सबमर्सिबल पम्प लगाने का कार्य।', 'बर्रा के अन्तर्गत म0नं0 630 के सामने स्थित पार्क, महादेव चैक व बरगदेश्वर पार्क में सबमर्सिबल पम्प लगाने का कार्य।', '', '2021-09-07 00:00:00', 0, '2021-09-07', '0000-00-00', 'Admin Office', 'Admin', 'Admin', '', 116, '116', 'pending', '', '', '', '0000-00-00', '', 15, '0000-00-00', '0000-00-00 00:00:00', '', '', NULL, NULL, NULL, NULL, '', '', '', '', '2021-08-26', '2021-2022', '2021-08-26', '2021-08-26', 'Udhyan, Department', ''),
(117, 'मा0 पार्षद    श्री अनूप कुमार  शुक्ला ', '117', '2021-08-26', '86/उद्यान/ 21-22', 'न0नि0', '264293', '3', '88', 'श्री अनुूप कुमार शुक्ला', '264293', 'बसन्त विहार स्थित सूरदास पार्क की मरम्मत व रंगाई-पुताई का कार्य।', 'बसन्त विहार स्थित सूरदास पार्क की मरम्मत व रंगाई-पुताई का कार्य।', '', '2021-09-07 00:00:00', 0, '2021-09-07', '0000-00-00', 'Admin Office', 'Admin', 'Admin', '', 117, '117', 'pending', '', '', '', '0000-00-00', '', 15, '0000-00-00', '0000-00-00 00:00:00', '', '', NULL, NULL, NULL, NULL, '', '', '', '', '2021-08-26', '2021-2022', '2021-08-26', '2021-08-26', 'Udhyan, Department', ''),
(160, 'Test Recommended by', '', '2021-09-21', 'TEST1234', 'Nagar Nigam Nidhi', '2000000', '2', '66', 'श्रीमती यशोदा देवी', '1500000', 'Test Work', '', '', '2021-09-21 20:42:44', 0, '2021-09-21', '2021-09-22', 'Admin Office', 'Admin', 'Admin', 'ex', 118, '118', 'redressed', '', '', '', '0000-00-00', '', 15, '0000-00-00', '0000-00-00 00:00:00', '1425000.00', '-5', '2021-09-22', '2021-09-22', '2021-09-22', '2021-09-22', 'test firm', 'Plant', '2020', '', '2021-09-21', '2020-2021', '2021-09-21', '2021-09-21', 'Encroachment, Department', 'Estimated'),
(161, 'Test Recommended by', '', '2021-09-21', 'TEST1235', 'Nagar Nigam Nidhi', '2000000', '1', '103', 'श्री मन्नू रहमान', '1500000', 'Test Work', '', '', '2021-09-22 00:05:31', 0, '2021-09-22', '0000-00-00', 'Admin Office', 'Admin', 'Admin', '', 119, '119', 'pending', '', '', '', '0000-00-00', '', 15, '0000-00-00', '0000-00-00 00:00:00', '', '', NULL, NULL, NULL, NULL, '', '', '', '', '2021-09-21', '2020-2021', '0000-00-00', '2021-09-21', 'Encroachment, Department', 'Estimated'),
(162, 'recommended', '', '2021-09-22', 'Test1233', '', '', '2', '68', 'श्रीमती शकुन्तला देवी', '', 'test', '', '', '2021-09-22 00:17:11', 0, '2021-09-22', '0000-00-00', 'Admin Office', 'Admin', 'Admin', '', 120, '120', 'pending', '', '', '', '0000-00-00', '', 15, '0000-00-00', '0000-00-00 00:00:00', '', '', NULL, NULL, NULL, NULL, '', '', '', '', '2021-09-22', '2020-2021', NULL, '2021-09-22', 'Advertisement, Department', 'Others'),
(163, 'recc', '', '2021-09-22', 'test', '', '', '2', '22', 'श्रीमती शीला पाण्डेय', '', 'ffs', '', '', '2021-09-22 00:51:12', 0, '2021-09-22', '0000-00-00', 'Admin Office', 'Admin', 'Admin', '', 121, '121', 'unredressed', '', '', '', '0000-00-00', '', 15, '0000-00-00', '0000-00-00 00:00:00', '', '', NULL, NULL, NULL, NULL, '', '', '', '', '2021-09-22', '2021-2022', NULL, '2021-09-22', 'Account, Department', 'Others'),
(164, 'test', '', '2021-09-30', 'Test100', 'Nagar Nigam Nidhi', '200', '1', '1', 'श्री रमेश चन्द्र', '150', 'test', '', '', '2021-09-30 10:34:09', 0, '2021-09-30', '0000-00-00', 'Admin Office', 'Admin', 'Admin', '', 122, '122', 'pending', '', '', '', '0000-00-00', '', 15, '0000-00-00', '0000-00-00 00:00:00', '', '', NULL, NULL, NULL, NULL, '', '', '', '', '2021-09-30', '2021-2022', NULL, '2021-09-30', 'Account, Department', 'Estimated');

-- --------------------------------------------------------

--
-- Table structure for table `complain_type`
--

CREATE TABLE `complain_type` (
  `sno` int(11) NOT NULL,
  `complain_type` varchar(500) CHARACTER SET utf8 NOT NULL,
  `complain_type_hindi` varchar(500) COLLATE utf8_unicode_ci NOT NULL,
  `days` int(11) NOT NULL,
  `dateTime` datetime NOT NULL
) ENGINE=InnoDB DEFAULT CHARSET=utf8 COLLATE=utf8_unicode_ci;

--
-- Dumping data for table `complain_type`
--

INSERT INTO `complain_type` (`sno`, `complain_type`, `complain_type_hindi`, `days`, `dateTime`) VALUES
(42, '0- File Request For Work & Estimate Approval', '0- File Request For Work & Estimate Approval', 15, '2021-07-16 00:00:00'),
(43, '1- File Request For Work', '1- File Request For Work', 15, '2021-07-16 00:00:00'),
(44, '2- Estimate Approval', '2- Estimate Approval', 15, '2021-07-16 00:00:00'),
(45, '3- Tender Approval', '3- Tender Approval', 15, '2021-07-16 00:00:00'),
(46, '4- Work Order', '4- Work Order', 15, '2021-07-16 00:00:00'),
(47, '5- Agreement', '5- Agreement', 15, '2021-07-16 00:00:00'),
(48, '6- Work Completion', '6- Work Completion', 15, '2021-07-16 00:00:00'),
(49, '7-C&L', '7-C&L', 15, '2021-07-16 00:00:00');

-- --------------------------------------------------------

--
-- Table structure for table `corporate_table`
--

CREATE TABLE `corporate_table` (
  `Ward_No` int(11) NOT NULL,
  `Corporator_name` varchar(44) NOT NULL,
  `Address` varchar(56) NOT NULL,
  `Phone_no` varchar(25) NOT NULL
) ENGINE=InnoDB DEFAULT CHARSET=utf8mb4;

--
-- Dumping data for table `corporate_table`
--

INSERT INTO `corporate_table` (`Ward_No`, `Corporator_name`, `Address`, `Phone_no`) VALUES
(1, 'Shri.Ramesh Chandra', '85/65 Suger Mil Khalwa Coparganj, Kanpur', '7800653952'),
(2, 'Shri Shailesh', '2/28 nagar palika colony, Kanpur', '9451545131'),
(3, 'Smt Sharad Kumar Sonkar', '261 Chunniganj, Kanpur', '9936891528'),
(4, 'Smt Laxmi', '12/48 Gwaltoli, Kanpur', '9335313344'),
(5, 'Smt. Reena Paswan', '107/14 Chander Nagar, Jawahar Nagar, Kanpur', '9355190449'),
(6, 'Mohani kanaujia', '84/168,karwalo Nagar,Kanpur', '7860328649'),
(7, 'Shri Gerish Chandra', '16/16 A Double Story Barra-2,Kanpur', '9918800700'),
(8, 'Shri Sandeep', '636 Shiv Nagar Maswanpur,Kanpur', '9369465612'),
(9, 'Smt Arti Gautam', '200 Type,Kendranchal Colony Gujaini, Kanpur', '9580489941'),
(10, 'Shri Avnish Khanna', '8/66 aryanagar, Kanpur', '7408430351'),
(11, 'Smt Sangeeta Wali', '63 A-7,Deviganj Bhatta Chakeri, Kanpur', '9454141099'),
(12, 'Shri Ajeet', '81, Chakeri Gaon, Kanpur', '9335721362'),
(13, 'Shri Madan Babu', '6/54, Purana, Kanpur', '9793791818'),
(14, 'Shri Sunil Kumar Kanoujia', '127/123, Juhi Bamburahiya, Kanpur', '9889778430'),
(15, 'Shri Saurabh Dev', '9/50 Benajhabar Naya Purwa, Kanpur', '9307568766'),
(16, 'Shri Rakesh Kumar', '83/184 Choti Juhi parampurwa, kanpur', '9335816587'),
(17, 'Smt.Rama Devi', '49 Bairi Kalyanpur, Kanpur', '9792404303'),
(18, 'Smt Rachna Tripathi', '127/427 W-1, Saket Nagar, kanapur', '9369544050'),
(19, 'Shri Pradeep Mishra', '48-B,Bara Sirohi, Kanpur', '9838607016'),
(20, 'Smt Radha Devi ,shri Hanuman Prashad Pandey', '123/440/84T Fazal ganj kanpur', '9919003030'),
(21, 'Smt Madhu MIshra', 'E/223 Khadepur Colony Naubasta, Kanpur', '9839206965'),
(22, 'Smt Sheela Pandey', 'H.NO.9 Dwivedi Nagar Galla Mandi, Kanpur', '8896287875'),
(23, 'Shri Sanjay Yadav', 'E.W.S-5006, Awas Vikas-3 kalyanpu,kanpur', '8960555545'),
(24, 'Shri.Gopal Gupta', '41-C Neta ji Nagar PAC Road', '9793310225'),
(25, 'Smt Kavita Singh', '117/M/802 Kakadeo, Kanpur', '9452248983'),
(26, 'Smt VIjay Laxmi', '104 F Gandhigram, Kanpur', '9236058711'),
(27, 'Smt Nirmala Mishra', '210 A, NAnkari I.I.T, Kanpur', '9935524867'),
(28, 'Smt. Mohani  Shukla', '505 Safipur-I,Harjender Nagar,Kanpur', '9935477793'),
(29, 'Shri Sharad Prakash Mishra', '50 A Jugaipurwa, Kanpur', '8127100100'),
(30, 'Smt Usha Mishra', '117/L/221 Naveen Nagar Kakadeo, Kanpur', '9838166721'),
(31, 'Smt Reeta Kushwaha', '20,Ahirawahan harjender Nagar, Kanpur', '8009880715'),
(32, 'Shri Ramesh Bajpai', '87/192 Achraya Nagar, Kanpur', '9415050638'),
(33, 'Smt. GHanshyam Gupta', '121/637 Shashtri Nagar , Kanpur', '9415040164'),
(34, 'Kumari Vidhi Rajpal', '226 H.I.G Ratanlal nagar, Kanpur', '9936003677'),
(35, 'Smt Anju Mishra', '01/M.L/42 Keshavpuram,Kanpur', '9936997274'),
(36, 'Shri Ashok Pal', '130/186,Baghai Kidwai Nagar, Kanpur', '8574251043'),
(37, 'Smt Namita Mishra', '111A/276 A Ashok Nagar, Kanpur', '9335606325'),
(38, 'Shri Mukesh', '81/8, Juhi Safed colony, Kanpur', '9795390061'),
(39, 'Shri Manoj Kumar Rathor', '39 Transport Nagar , Kanpur', '7619017999'),
(40, 'Shri Mahendra Pandey(Pappu Pandey)', '67/1 Vishnupuri Colony Nawabganj,Kanpur', '9415078485'),
(41, 'Shri Rajkumar Rajpoot', 'H. NO 54 Dalanpur Awas Vikas Hanspuram Naubasta, Kanpur', '9336239214'),
(42, 'Kumari Kirti Agnihotri', '13/58 Parmat, Kanpur', '9369692543'),
(43, 'Smt Neha Yadav', '12A/36/36 Gwaltoli, Kanpur', '9415620296'),
(44, 'Smt Vijay Kumar', '12 A  Makdikheda Nai Basti, Kanpur', '8543977347'),
(45, 'Shri Arpit Yadav', 'H-600 Vishwa Bank Barra, Kanpur', '9451008009'),
(46, 'Shri Dinesh Tiwari', '348 Shankaracharya nagar yashoda Nagra, Kanpur', '9889173473'),
(47, 'Smt Prabha Singh Chauhan', '193-A JawaharPuram Mangala Vihar-I, Kanpur', '9807851517'),
(48, 'SHri Ashwani Kumar Chadda', '126F/3 Govind Nagar,Kanpur', '9919006117'),
(49, 'Shri Mahendranath Shukla', '105/345 Gandhi Nagar,Kanpur', '9919840616'),
(50, 'Shri Shushil Awasthi (Guddu)', '59 M.I.G Part-2 Gangaganj colony, Kanpur', '9450340333'),
(51, 'Smt Nitu Mishra', '606 E.W.S Barra-2,Kanpur', '9305341827'),
(52, 'Shri Dherendra Tripathi', '117/O/132 Geeta Nagar, Kanpur', '9336418946'),
(53, 'Shri Sumit Kumar Pal', '52 A-2 Rupali Panki Gangaganj', '9628359090'),
(54, 'Shri Vijay Yadav', 'H-584 Satyam vihar awas vikas-1 kalyanpur Kanpur', '9415042191'),
(55, 'Shri Anil Verma', 'G-531/5 Gujaini, Kanpur', '9450149927'),
(56, 'Shri Noor Alam', '93/110-anwarganj ajambheg gadiya rajbi road Kanpur', '8840453162'),
(57, 'Smt Soni Singh', 'MIG-176 B-Block Panki Kanpur', '83188339790'),
(58, 'Shri Kailash Chandra Pandey', '138/2 J.K Colony Jajmau', '9198080800'),
(59, 'Shri Mohd Amir Khan', '88/132 Peshkar Road Chamanganj, Kanpur', '8960000015'),
(60, 'Shri Jitendra', 'Plot No 58, Anand Nagar, Kanpur', '7905328154'),
(61, 'Shri Kamal Shukla (Baby)', '113/148 Swaroop Nagar Kanpur', '9935272851 , 9408141951'),
(62, 'Saurabh Tiwari', 'Kanpur', '9305626069'),
(63, 'Shri.Durga Prasad', 'LIG-241 Gangapur Colony Kidwai Nagar, Kanpur', '9451792700'),
(64, 'Shri Neeraj Bajpai', '64 Sarvodaya Nagar, Kanpur', '9369376998'),
(65, 'Smt Seema Sachan', '122/20 Sanjay Gandhi Nagar Naubasta, Kanpur', '8090144144'),
(66, 'Smt Yashoda Devi', '51 Dharipurwa Naubasta, Kanpur', '8127212148'),
(67, 'Smt Deepa', 'Plot No-155, Barra-4, Kanpur', '9415479853'),
(68, 'Smt Shakuntala Devi', '367, S-Block Yashoda Nagar, Kanpur', '9559999310'),
(69, 'Shri Arvind Yadav', '260/8 Shashtri Nagar , Kanpur', '9455754978'),
(70, 'Smt Chandrawati', 'J-259 Vishwa Bank Barra, Kanpur', '7844862501'),
(71, 'Shri Liyakat Ali', '105/55 CHamanganj, Kanpur', '70078718669'),
(72, 'Shri RJai Prakash Pal', '31-MIG Dabauli-1, Kanpur', '9918963154'),
(73, 'Smt Shahiba Parveen', '36/30 Afsharabad , Kanpur', '9918963154'),
(74, 'Smt Rajeev Setiya', '275 D Block Shyamnagar, Kanpur', '9839569079'),
(75, 'Shri Manoj Kumar Pandey', '11/53 Sutarganj, Kanpur', '9415781180'),
(76, 'Shri. Amit Kumar Mahelotra', '62/173 Harbansh Mohal, Kanpur', '9935816080'),
(77, 'Smt. Sudha', '6A-1/12-HIG Vishwa Bank Barra, Kanpur', '9415728089'),
(78, 'Shri Yashpal Singh', 'Plot No-48 O Block Kakadeo, Kanpur', '8175813781'),
(79, 'Shri Vikas Jaiswal', '29/43 Gumni Bazar Salasarwala ji mandir, Kanpur', '9415430799'),
(80, 'Shri Hari Sankar Gupta', '211/12 babu purwa colony,Kanpur', '7499141742'),
(81, 'Smt. Shashi Sahu', '119/500 Darshan Purwa  Kanpur', '9450129977'),
(82, 'Shri Santosh Sahu', '9-E Karahi Barra Kanpur', '9889629240'),
(83, 'Shri Rashid Aarfi', '91/22 Dalel Purwa Kanpur', '9453466454'),
(84, 'Smt Alpna Jaiswal', '91/56 dalelpurva Kanpur', '9453466454'),
(85, 'Shri Amandeep Singh Gambheer', '3/1 Laxmi ratan colony Narayan Purwa,kanpur', '7052978736'),
(86, 'Smt.Suman Trivedi', '117/186 P Block Hitkari Nagar Kakadeo, Kanpur', '9454459949'),
(87, 'Smt Menika Singh Sengar', '356 Shri Nagar Pahadpur Kanpur', '9936154008'),
(88, 'Shri Anoop Kumar Shukla', '376 W -2 Basant Vihar Naubasta,Kanpur', '9415485548'),
(89, 'Smt Sayma Parveen', '80/33 Kuli Bazar Kanpur', '8948494998'),
(90, 'Shri Guru Narayan Gupta', '66/24 Kachiyana Mohal, Kanpur', '8707343495'),
(91, 'Shri Ragvendra Mishra', '160/9 Shashtri Nagar  Kanpur', '7985094413'),
(92, 'Shri Pramod Jaiswal', '128/543/44 K-Kidwai Nagar Kanpur', '9696378165'),
(93, 'Shri Naveen Pandit', '124/B/148 Govind Nagar, Kanpur', '9838933132'),
(94, 'Shri Amod Tripathi', '18/87 kursavan Mallroad, Kanpur', '8318592904'),
(95, 'Shri Prashant Shukla', '52 F.N yashoda Nagar', '8808454454'),
(96, 'Smt Jarina Khatun', 'L-66 Ambedkar Nagar Basti Jajmau', '8418954424'),
(97, 'Mohmmad Amim', '100/62 Madni Manjil Karnalganj, Kanpur', '9235550786'),
(98, 'Shri Deepak Sharma', '29/15 Maheshwari Mohal, Kanpur', '7355134425'),
(99, 'Shri Kausar Ali', '83 Chandari Kanpur', '8081749031'),
(100, 'Shri Yogendra Singh', '48/3 Site No-1 Kidwai Nagar, Kanpur', '9336114981'),
(101, 'Shri Abhishek Gupta', '43/150 Nariyal Bazar, Kanpur.', '9839011870'),
(102, 'Smt. Shahin Khatun', '131/178 BegamPurwa, Kanpur.', '9839036609'),
(103, 'Shri Munnorahman', '40/198 hospital Road Pared, Kanpur', '9956907007'),
(104, 'Shri Anuj Gupta', '46/144 Monika Tower Halsi Road, Kanpur', '9415126850'),
(105, 'Shri Mohammad Arif', '132/468 Babupurwa Kanpur', '9389584450'),
(106, 'Shri Shivam Dixit', '49/71 Naughada, Kanpur', '9936343868'),
(107, 'Shri Rashid Mahmood', '88/443 Chamanganj, Kanpur', '9935426595'),
(108, 'Smt Farjana Begam', '95/78 Ansarnagar, Kanpur', '9839333348'),
(109, 'Shri Haji Shuhel Ahmad', '98/202 bekanganj Kanpur', '9839127915'),
(110, 'Smt Sabnam Bano', '102/138 Karnelganj,kanpur', '9935361272');

-- --------------------------------------------------------

--
-- Table structure for table `locations`
--

CREATE TABLE `locations` (
  `id` bigint(20) NOT NULL,
  `location_name` varchar(300) DEFAULT NULL,
  `latitude` varchar(200) DEFAULT NULL,
  `longitude` varchar(200) DEFAULT NULL,
  `icons` varchar(200) DEFAULT NULL,
  `type` varchar(200) DEFAULT NULL,
  `sub_type` varchar(200) DEFAULT NULL
) ENGINE=InnoDB DEFAULT CHARSET=utf8mb4;

--
-- Dumping data for table `locations`
--

INSERT INTO `locations` (`id`, `location_name`, `latitude`, `longitude`, `icons`, `type`, `sub_type`) VALUES
(1, 'C88Q+QQP, किदवई नगर', '26.427528', '80.3224311', 'water.png', 'Water', 'Dumped Water drainage'),
(2, 'M block near Gopala tower,Kidwai Nagar', '26.4368074', '80.3294543', 'sewage.png', 'Sewage', 'Sewage cleaning'),
(3, '3/3, नौबस्ता, कानपुर, उत्तर प्रदेश 208021', '26.4087408', '80.3195361', 'clean.png', 'Cleaning', 'Safai Karmi Problem'),
(4, 'D 408, Barra 8, Kanpur 208027', '26.4315347', '80.2836996', 'water.png', 'Water', 'Water Line Busted'),
(5, 'Ho 111A/411, 80 Feet Rd, Ashok Nagar, Harsh Nagar, Kanpur, Uttar Pradesh 208012', '26.4704677', '80.3162933', 'road.png', 'Road', 'Road Sink'),
(6, 'Gwaltoli Chowrah, Suther Ganj, Kanpur, Uttar Pradesh 208001', '26.4831099', '80.319989', 'const.png', 'Construction', ' Illegal construction'),
(7, 'Unnamed Road, Meharavan Singh Purva, Meharban Singh Ka Purva, Uttar Pradesh 208021', '26.4217898', '80.2754618', 'sewage.png', 'Sewage', 'Sewage jam'),
(8, 'Azad Nagar, कानपुर, उत्तर प्रदेश 208022', '26.4542514', '80.276367', 'const.png', 'Construction', ' Road damage'),
(9, 'B-64, Barra 7 Rd, New L.I.G, Neemeshwar MahaMandir Society, Barra World Bank, Barra, Kanpur, Uttar Pradesh 208027', '26.4373753', '80.2861037', 'const.png', 'Construction', ' Road damage');

-- --------------------------------------------------------

--
-- Table structure for table `ward_list`
--

CREATE TABLE `ward_list` (
  `id` bigint(20) NOT NULL,
  `ward_num` int(11) NOT NULL,
  `icon` varchar(200) DEFAULT NULL
) ENGINE=InnoDB DEFAULT CHARSET=utf8mb4;

--
-- Dumping data for table `ward_list`
--

INSERT INTO `ward_list` (`id`, `ward_num`, `icon`) VALUES
(1, 1, '1.png'),
(2, 2, '2.png'),
(3, 3, '3.png'),
(4, 4, '4.png'),
(5, 5, '5.png'),
(6, 6, '6.png'),
(7, 7, '7.png'),
(8, 8, '8.png'),
(9, 9, '9.png'),
(10, 10, '10.png'),
(11, 11, '11.png'),
(12, 12, '12.png'),
(13, 13, '13.png'),
(14, 14, '14.png'),
(15, 15, '15.png'),
(16, 16, '16.png'),
(17, 17, '17.png'),
(18, 18, '18.png'),
(19, 19, '19.png'),
(20, 20, '20.png'),
(21, 21, '21.png'),
(22, 22, '22.png'),
(23, 23, '23.png'),
(24, 24, '24.png'),
(25, 25, '25.png'),
(26, 26, '26.png'),
(27, 27, '27.png'),
(28, 28, '28.png'),
(29, 29, '29.png'),
(30, 30, '30.png'),
(31, 31, '31.png'),
(32, 32, '32.png'),
(33, 33, '33.png'),
(34, 34, '34.png'),
(35, 35, '35.png'),
(36, 36, '36.png'),
(37, 37, '37.png'),
(38, 38, '38.png'),
(39, 39, '39.png'),
(40, 40, '40.png'),
(41, 41, '41.png'),
(42, 42, '42.png'),
(43, 43, '43.png'),
(44, 44, '44.png'),
(45, 45, '45.png'),
(46, 46, '46.png'),
(47, 47, '47.png'),
(48, 48, '48.png'),
(49, 49, '49.png'),
(50, 50, '50.png'),
(51, 51, '51.png'),
(52, 52, '52.png'),
(53, 53, '53.png'),
(54, 54, '54.png'),
(55, 55, '55.png'),
(56, 56, '56.png'),
(57, 57, '57.png'),
(58, 58, '58.png'),
(59, 59, '59.png'),
(60, 60, '60.png'),
(61, 71, '71.png'),
(62, 72, '72.png'),
(63, 73, '73.png'),
(64, 74, '74.png'),
(65, 75, '75.png'),
(66, 76, '76.png'),
(67, 77, '77.png'),
(68, 78, '78.png'),
(69, 79, '79.png'),
(70, 70, '80.png'),
(71, 81, '81.png'),
(72, 82, '82.png'),
(73, 83, '83.png'),
(74, 84, '84.png'),
(75, 85, '85.png'),
(76, 86, '86.png'),
(77, 87, '87.png'),
(78, 88, '88.png'),
(79, 89, '89.png'),
(80, 90, '90.png'),
(81, 91, '91.png'),
(82, 92, '92.png'),
(83, 93, '93.png'),
(84, 94, '94.png'),
(85, 95, '95.png'),
(86, 96, '96.png'),
(87, 97, '97.png'),
(88, 98, '98.png'),
(89, 99, '99.png'),
(90, 100, '100.png'),
(91, 101, '101.png'),
(92, 102, '102.png'),
(93, 103, '103.png'),
(94, 104, '104.png'),
(95, 105, '105.png'),
(96, 106, '106.png'),
(97, 107, '107.png'),
(98, 108, '108.png'),
(99, 109, '109.png'),
(100, 110, '110.png');

--
-- Indexes for dumped tables
--

--
-- Indexes for table `complaint_details`
--
ALTER TABLE `complaint_details`
  ADD PRIMARY KEY (`ID`);

--
-- Indexes for table `complain_record`
--
ALTER TABLE `complain_record`
  ADD PRIMARY KEY (`sno`);

--
-- Indexes for table `complain_type`
--
ALTER TABLE `complain_type`
  ADD PRIMARY KEY (`sno`);

--
-- Indexes for table `corporate_table`
--
ALTER TABLE `corporate_table`
  ADD PRIMARY KEY (`Ward_No`);

--
-- Indexes for table `locations`
--
ALTER TABLE `locations`
  ADD PRIMARY KEY (`id`);

--
-- Indexes for table `ward_list`
--
ALTER TABLE `ward_list`
  ADD PRIMARY KEY (`id`);

--
-- AUTO_INCREMENT for dumped tables
--

--
-- AUTO_INCREMENT for table `complain_record`
--
ALTER TABLE `complain_record`
  MODIFY `sno` int(5) NOT NULL AUTO_INCREMENT, AUTO_INCREMENT=165;

--
-- AUTO_INCREMENT for table `complain_type`
--
ALTER TABLE `complain_type`
  MODIFY `sno` int(11) NOT NULL AUTO_INCREMENT, AUTO_INCREMENT=50;

--
-- AUTO_INCREMENT for table `locations`
--
ALTER TABLE `locations`
  MODIFY `id` bigint(20) NOT NULL AUTO_INCREMENT, AUTO_INCREMENT=10;

--
-- AUTO_INCREMENT for table `ward_list`
--
ALTER TABLE `ward_list`
  MODIFY `id` bigint(20) NOT NULL AUTO_INCREMENT, AUTO_INCREMENT=101;
COMMIT;

/*!40101 SET CHARACTER_SET_CLIENT=@OLD_CHARACTER_SET_CLIENT */;
/*!40101 SET CHARACTER_SET_RESULTS=@OLD_CHARACTER_SET_RESULTS */;
/*!40101 SET COLLATION_CONNECTION=@OLD_COLLATION_CONNECTION */;
